time,total_value_usd,total_value_krw,cash_usd,invested_usd,daily_pnl_usd,daily_return,cumulative_return,max_drawdown,open_positions,exchange_rate,trading_pnl
2026-03-09 01:45:30.661172+00,996.3300,,155.6200,840.7100,0.0000,0.000000,-0.003670,-0.668035,5,,0.00
2026-03-09 14:30:15.509972+00,986.5900,,155.6200,830.9700,-9.7400,-0.009781,-0.013415,-0.671282,5,,0.00
2026-03-09 16:00:10.996303+00,994.3300,,155.6200,838.7100,7.7400,0.007848,-0.005667,-0.671280,5,,0.00
2026-03-09 18:00:07.330284+00,991.3200,,155.6200,835.7000,-3.0100,-0.003027,-0.008680,-0.671280,5,,0.00
2026-03-09 22:00:54.032581+00,992.8700,,155.6200,837.2500,1.5500,0.001564,-0.007130,-0.671280,5,,0.00
2026-03-10 00:10:51.664936+00,992.8700,,371.5700,621.3000,0.0000,0.000000,-0.007130,-0.671280,4,,0.00
2026-03-10 00:24:36.063871+00,992.8700,,371.5700,621.3000,-7.1300,-0.007130,-0.007130,-0.014010,4,,-7.13
2026-03-10 08:39:26.379883+00,992.8700,,371.5700,621.3000,0.0000,0.000000,-0.007130,-0.014010,4,,-7.13
2026-03-10 11:55:27.155326+00,992.8700,,371.5700,621.3000,0.0000,0.000000,-0.007130,-0.014010,4,,-7.13
2026-03-10 14:30:05.803599+00,993.4300,,371.5700,621.8600,0.5600,0.000560,-0.006570,-0.014010,4,,-6.57
2026-03-10 18:00:09.392846+00,988.8300,,371.5700,617.2600,-4.6000,-0.004600,-0.011170,-0.014010,4,,-11.17
2026-03-10 22:00:51.902391+00,987.3900,,371.5700,615.8200,-1.4400,-0.001440,-0.012610,-0.014010,4,,-12.61
2026-03-11 14:30:05.69508+00,986.7100,,371.5700,615.1400,-0.6800,-0.000685,-0.013295,-0.014010,4,,-13.29
2026-03-11 16:00:05.310387+00,982.4600,,371.5700,610.8900,-4.2500,-0.004250,-0.017540,-0.018135,4,,-17.54
2026-03-11 18:00:05.628674+00,984.6900,,371.5700,613.1200,2.2300,0.002232,-0.015308,-0.018135,4,,-15.31
2026-03-11 22:00:35.241512+00,986.2600,,371.5700,614.6900,1.5700,0.001570,-0.013740,-0.018135,4,,-13.74
2026-03-12 14:30:06.080013+00,993.6800,,371.5700,622.1100,7.4200,0.007422,-0.006318,-0.018135,4,,-6.32
2026-03-12 16:00:06.422709+00,991.6600,,438.6800,552.9800,-2.0200,-0.002024,-0.008344,-0.018135,4,,-8.34
2026-03-12 18:00:07.151228+00,993.0800,,438.6800,554.4000,1.4200,0.001415,-0.006925,-0.018135,4,,-6.92
2026-03-12 22:00:50.863655+00,987.5300,,438.6800,548.8500,-5.5500,-0.005550,-0.012470,-0.018135,4,,-12.47
2026-03-13 16:00:11.274473+00,985.6500,,250.7800,734.8700,-1.8800,-0.001878,-0.014348,-0.018135,5,,-14.35
2026-03-13 18:00:07.46404+00,984.6700,,250.7800,733.8900,-0.9800,-0.000984,-0.015334,-0.018135,5,,-15.33
2026-03-13 22:00:52.629817+00,982.6900,,250.7800,731.9100,-1.9800,-0.001980,-0.017310,-0.018135,5,,-17.31
2026-03-15 22:01:21.784443+00,982.6900,,250.7800,731.9100,0.0000,0.000000,-0.017310,-0.018135,5,,-17.31
2026-03-16 14:30:09.382285+00,987.4300,,250.7800,736.6500,4.7400,0.004745,-0.012565,-0.018135,5,,-12.57
2026-03-16 16:00:08.78424+00,984.3800,,250.7800,733.6000,-3.0500,-0.003045,-0.015615,-0.018135,5,,-15.62
2026-03-16 18:00:06.800226+00,984.5500,,250.7800,733.7700,0.1700,0.000166,-0.015454,-0.018135,5,,-15.45
2026-03-16 22:00:56.146259+00,983.7300,,250.7800,732.9500,-0.8200,-0.000820,-0.016270,-0.018135,5,,-16.27
2026-03-17 14:30:07.393146+00,998.3600,,250.7800,747.5800,14.6300,0.014630,-0.001640,-0.018135,5,,-1.64
2026-03-17 16:00:06.809374+00,994.6600,,250.7800,743.8800,-3.7000,-0.003700,-0.005340,-0.018135,5,,-5.34
2026-03-17 18:00:07.054754+00,994.2700,,250.7800,743.4900,-0.3900,-0.000390,-0.005730,-0.018135,5,,-5.73
2026-03-17 22:00:46.058375+00,993.7300,,250.7800,742.9500,-0.5400,-0.000540,-0.006270,-0.018135,5,,-6.27
2026-03-18 14:30:06.837958+00,996.5100,,250.7800,745.7300,2.7800,0.002780,-0.003490,-0.018135,5,,-3.49
2026-03-18 16:00:10.944728+00,999.7400,,250.7800,748.9600,3.2300,0.003230,-0.000260,-0.018135,5,,-0.26
2026-03-18 18:00:08.995645+00,1000.7400,,250.7800,749.9600,1.0000,0.000995,0.000735,-0.018135,5,,0.74
2026-03-18 22:00:51.423408+00,998.4700,,325.5000,672.9700,-2.2700,-0.002270,-0.001530,-0.018135,4,,-1.53
2026-03-19 14:30:15.696955+00,1004.2600,,795.1700,209.0900,5.7900,0.005785,0.004255,-0.018135,1,,4.26
2026-03-19 16:00:05.738546+00,1004.1300,,795.1700,208.9600,-0.1300,-0.000130,0.004130,-0.018135,1,,4.13
2026-03-19 18:00:06.304857+00,1004.8700,,795.1700,209.7000,0.7400,0.000740,0.004870,-0.018135,1,,4.87
2026-03-19 22:00:50.019529+00,1005.8900,,648.8600,357.0300,1.0200,0.001020,0.005890,-0.018135,2,,5.89
2026-03-20 14:30:06.291527+00,1002.9000,,648.8600,354.0400,-2.9900,-0.002988,0.002902,-0.018135,2,,2.90
2026-03-20 16:00:14.328673+00,1007.2600,,648.8600,358.4000,4.3600,0.004365,0.007265,-0.018135,2,,7.26
2026-03-20 18:00:18.979208+00,1006.9800,,796.5500,210.4300,-0.2800,-0.000280,0.006980,-0.018135,1,,6.98
2026-03-20 22:01:52.417026+00,1007.7400,,796.5500,211.1900,0.7600,0.000760,0.007740,-0.018135,1,,7.74
2026-03-22 22:00:41.548709+00,1007.7400,,626.6900,381.0500,0.0000,0.000000,0.007740,-0.018135,2,,7.74
2026-03-23 14:30:20.887846+00,1012.9100,,1012.9100,0.0000,5.1700,0.005170,0.012910,-0.018135,0,,12.91
2026-03-24 09:55:28.371842+00,1012.9100,,1012.9100,0.0000,0.0000,0.000000,0.012910,-0.018135,0,,12.91
2026-03-24 14:14:20.241677+00,1012.9100,,1012.9100,0.0000,0.0000,0.000000,0.012910,-0.018135,0,,12.91
2026-03-24 22:01:01.940079+00,1012.9100,,1012.9100,0.0000,0.0000,0.000000,0.012910,-0.018135,0,,12.91
2026-03-25 22:00:47.460941+00,1012.9100,,1012.9100,0.0000,0.0000,0.000000,0.012910,-0.018135,0,,12.91
2026-03-27 22:00:53.601675+00,1012.6900,,902.8100,109.8800,-0.2200,-0.000220,0.012690,-0.018135,1,,12.69
2026-03-29 22:00:43.94001+00,1012.6900,,902.8100,109.8800,0.0000,0.000000,0.012690,-0.018135,1,,12.69
2026-03-30 14:30:09.164271+00,1013.4500,,1013.4500,0.0000,0.7600,0.000758,0.013448,-0.018135,0,,13.45
2026-03-30 22:00:46.106048+00,1013.4500,,1013.4500,0.0000,0.0000,-0.000002,0.013448,-0.018135,0,,13.45
2026-03-31 22:00:47.184017+00,1013.4500,,-10971.6000,11985.0500,0.0000,-0.000002,0.013448,-0.018135,1,,13.45
2026-04-01 14:30:07.614425+00,1021.2500,,914.4000,106.8500,7.8000,0.007798,0.021248,-0.018135,1,,21.25
2026-04-01 16:00:08.364291+00,1020.3600,,914.4000,105.9600,-0.8900,-0.000892,0.020358,-0.018135,1,,20.36
2026-04-01 18:00:08.326822+00,1021.3600,,914.4000,106.9600,1.0000,0.000998,0.021358,-0.018135,1,,21.36
2026-04-01 22:00:48.210014+00,1021.1100,,914.4000,106.7100,-0.2500,-0.000252,0.021108,-0.018135,1,,21.11
2026-04-02 14:30:09.423758+00,1018.6500,,1018.6500,0.0000,-2.4600,-0.002462,0.018648,-0.018135,0,,18.65
2026-04-02 22:00:42.946891+00,1018.6500,,1018.6500,0.0000,0.0000,-0.000002,0.018648,-0.018135,0,,18.65
2026-04-03 22:00:47.494878+00,1018.6500,,1018.6500,0.0000,0.0000,-0.000002,0.018648,-0.018135,0,,18.65
2026-04-05 22:00:50.804116+00,1018.6500,,1018.6500,0.0000,0.0000,-0.000002,0.018648,-0.018135,0,,18.65
2026-04-07 22:00:40.414885+00,1018.6500,,1018.6500,0.0000,0.0000,-0.000002,0.018648,-0.018135,0,,18.65
2026-04-08 22:01:28.909552+00,1018.6500,,1018.6500,0.0000,0.0000,-0.000002,0.018648,-0.018135,0,,18.65
2026-04-10 14:30:11.846761+00,1027.9000,,1027.9000,0.0000,9.2500,0.009253,0.027903,-0.018135,0,,27.90
2026-04-10 22:00:38.945677+00,1027.9000,,1027.9000,0.0000,0.0000,0.000003,0.027903,-0.018135,0,,27.90
2026-04-12 22:00:22.957321+00,1027.9000,,733.2600,294.6400,0.0000,0.000003,0.027903,-0.018135,2,,27.90
2026-04-13 14:30:07.62925+00,1028.3900,,864.6500,163.7400,0.4900,0.000491,0.028391,-0.018135,1,,28.39
2026-04-13 16:00:03.325957+00,1029.0600,,864.6500,164.4000,0.6700,0.000668,0.029058,-0.018135,1,,29.06
2026-04-13 18:00:04.213705+00,1029.2000,,864.6500,164.5500,0.1400,0.000143,0.029203,-0.018135,1,,29.20
2026-04-13 22:00:30.284088+00,1029.2500,,864.6500,164.6000,0.0500,0.000053,0.029253,-0.018135,1,,29.25
2026-04-14 14:30:03.087582+00,1029.9300,,864.6500,165.2700,0.6800,0.000678,0.029928,-0.018135,1,,29.93
2026-04-14 16:00:05.317036+00,1031.6000,,864.6500,166.9500,1.6700,0.001673,0.031603,-0.018135,1,,31.60
2026-04-14 18:00:04.260822+00,1030.8000,,864.6500,166.1500,-0.8000,-0.000802,0.030798,-0.018135,1,,30.80
2026-04-14 22:00:22.238131+00,1029.1500,,864.6500,164.5000,-1.6500,-0.001647,0.029153,-0.018135,1,,29.15
2026-04-15 14:30:04.09131+00,1028.7200,,864.6500,164.0700,-0.4300,-0.000431,0.028719,-0.018135,1,,28.72
2026-04-15 16:00:04.160949+00,1027.4700,,864.6500,162.8200,-1.2500,-0.001247,0.027473,-0.018135,1,,27.47
2026-04-15 18:00:05.465149+00,1028.6900,,864.6500,164.0400,1.2200,0.001223,0.028693,-0.018135,1,,28.69
2026-04-15 22:00:26.380682+00,1028.6000,,864.6500,163.9500,-0.0900,-0.000087,0.028603,-0.018135,1,,28.60
2026-04-16 14:30:03.295463+00,1027.5900,,864.6500,162.9400,-1.0100,-0.001007,0.027593,-0.018135,1,,27.59
2026-04-16 16:00:03.335174+00,1027.7300,,864.6500,163.0800,0.1400,0.000143,0.027733,-0.018135,1,,27.73
2026-04-16 18:00:03.461622+00,1028.0700,,864.6500,163.4200,0.3400,0.000343,0.028073,-0.018135,1,,28.07
2026-04-16 22:00:26.946236+00,1029.6900,,785.5100,244.1800,1.6200,0.001623,0.029693,-0.018135,2,,29.69
2026-04-17 14:30:05.725673+00,1031.5100,,867.0500,164.4600,1.8200,0.001823,0.031513,-0.018135,1,,31.51
2026-04-17 16:00:03.253059+00,1031.6600,,867.0500,164.6100,0.1500,0.000153,0.031663,-0.018135,1,,31.66
2026-04-17 18:00:03.206066+00,1030.6500,,867.0500,163.6000,-1.0100,-0.001012,0.030648,-0.018135,1,,30.65
2026-04-17 22:00:25.279339+00,1029.3300,,784.0400,245.2900,-1.3200,-0.001317,0.029333,-0.018135,2,,29.33
2026-04-19 21:02:47.645654+00,1029.3300,,648.9400,380.3900,0.0000,0.000003,0.029333,-0.018135,3,,29.33
2026-04-19 22:00:40.693242+00,1029.3300,,648.9400,380.3900,0.0000,0.000003,0.029333,-0.018135,3,,29.33
2026-04-20 08:16:46.447747+00,1029.3300,,648.9400,380.3900,0.0000,0.000003,0.029333,-0.018135,3,,29.33
2026-04-20 08:57:58.886068+00,988.1700,,607.7800,380.3900,-41.1600,-0.041158,-0.011828,-0.043491,3,,-11.83
2026-04-20 13:21:37.328425+00,985.1900,,604.8000,380.3900,-2.9800,-0.002985,-0.014815,-0.046478,3,,-14.81
2026-04-20 13:30:09.999573+00,1018.5100,,634.7600,383.7500,33.3200,0.033315,0.018505,-0.046478,3,,18.51
2026-04-20 13:33:44.26115+00,1019.0200,,634.7600,384.2600,0.5100,0.000508,0.019018,-0.046478,3,,19.02
2026-04-20 14:10:17.912452+00,1019.0200,,634.7600,384.2600,0.0000,-0.000002,0.019018,-0.046478,3,,19.02
2026-04-20 14:30:11.115366+00,1024.5400,,861.4100,163.1300,5.5200,0.005518,0.024538,-0.046478,1,,24.54
2026-04-20 16:00:02.856951+00,1022.8300,,861.4100,161.4200,-1.7100,-0.001712,0.022828,-0.046478,1,,22.83
2026-04-20 18:00:04.068984+00,1021.6800,,861.4100,160.2700,-1.1500,-0.001152,0.021678,-0.046478,1,,21.68
2026-04-20 21:30:14.973127+00,947.0600,,853.9100,93.1500,-74.6200,-0.074616,-0.052936,-0.084599,1,,-52.94
2026-04-20 21:30:20.757491+00,1013.7300,,853.9100,159.8200,66.6700,0.066674,0.013734,-0.084599,1,,13.73
2026-04-20 22:00:29.082941+00,989.3500,,861.4100,127.9400,-24.3800,-0.024382,-0.010652,-0.084599,1,,-10.65
2026-04-21 10:25:56.833922+00,1013.7300,,853.9100,159.8200,24.3800,0.024384,0.013734,-0.084599,1,,13.73
2026-04-21 14:30:04.008661+00,1020.9500,,861.4100,159.5400,7.2200,0.007215,0.020945,-0.084599,1,,20.95
2026-04-21 16:00:03.59573+00,1020.2400,,1020.2400,0.0000,-0.7100,-0.000707,0.020243,-0.084599,0,,20.24
2026-04-21 21:32:00.927239+00,1012.3500,,1012.3500,0.0000,-7.8900,-0.007889,0.012351,-0.084599,0,,12.35
2026-04-21 21:32:07.28889+00,1012.3500,,1012.3500,0.0000,0.0000,0.000001,0.012351,-0.084599,0,,12.35
2026-04-21 22:00:32.429555+00,1020.2400,,1020.2400,0.0000,7.8900,0.007893,0.020243,-0.084599,0,,20.24
2026-04-22 13:46:42.447281+00,1012.3500,,1012.3500,0.0000,-7.8900,-0.007889,0.012351,-0.084599,0,,12.35
2026-04-22 22:00:38.222173+00,1020.2400,,1020.2400,0.0000,7.8900,0.007893,0.020243,-0.084599,0,,20.24
2026-04-23 20:30:06.350001+00,1020.5700,,1020.5700,0.0000,0.3300,0.000333,0.020573,-0.084599,0,,20.57
2026-04-23 22:00:32.829192+00,1020.5700,,1020.5700,0.0000,0.0000,0.000003,0.020573,-0.084599,0,,20.57
2026-04-28 22:00:39.698072+00,1020.5700,,1020.5700,0.0000,0.0000,0.000003,0.020573,-0.084599,0,,20.57
2026-04-29 22:00:37.487325+00,1020.5700,,925.8200,94.7500,0.0000,0.000003,0.020573,-0.084599,1,,20.57
2026-04-30 14:30:03.030728+00,1018.2900,,925.8200,92.4600,-2.2800,-0.002282,0.018288,-0.084599,1,,18.29
2026-04-30 16:00:02.943963+00,1019.1200,,925.8200,93.3000,0.8300,0.000833,0.019123,-0.084599,1,,19.12
2026-04-30 18:00:03.883319+00,1020.7600,,925.8200,94.9400,1.6400,0.001643,0.020763,-0.084599,1,,20.76
2026-04-30 20:30:03.006777+00,1020.3000,,925.8200,94.4800,-0.4600,-0.000457,0.020303,-0.084599,1,,20.30
2026-04-30 22:00:40.143494+00,1020.3000,,853.1700,167.1300,0.0000,0.000003,0.020303,-0.084599,2,,20.30
2026-05-01 14:30:06.662268+00,1025.4600,,1025.4600,0.0000,5.1600,0.005162,0.025462,-0.084599,0,,25.46
2026-05-01 22:00:23.608467+00,1025.4600,,1025.4600,0.0000,0.0000,0.000002,0.025462,-0.084599,0,,25.46
2026-05-03 22:00:27.337682+00,1025.4600,,1025.4600,0.0000,0.0000,0.000002,0.025462,-0.084599,0,,25.46
2026-05-04 22:00:24.763907+00,1025.4600,,1025.4600,0.0000,0.0000,0.000002,0.025462,-0.084599,0,,25.46
2026-05-05 22:00:24.052565+00,1025.4600,,1025.4600,0.0000,0.0000,0.000002,0.025462,-0.084599,0,,25.46
2026-05-06 22:00:29.580082+00,1025.4600,,680.8900,344.5700,0.0000,0.000002,0.025462,-0.084599,2,,25.46
2026-05-07 11:53:11.98797+00,1014.7000,,583.2700,431.4300,-10.7600,-0.010759,0.014701,-0.084599,3,,14.70
2026-05-07 11:53:16.41015+00,1014.7000,,583.2700,431.4300,0.0000,0.000001,0.014701,-0.084599,3,,14.70
2026-05-07 11:53:19.939891+00,1014.7000,,583.2700,431.4300,0.0000,0.000001,0.014701,-0.084599,3,,14.70
2026-05-07 14:30:03.880384+00,1015.4600,,594.0300,421.4300,0.7600,0.000757,0.015457,-0.084599,3,,15.46
2026-05-07 16:00:05.343306+00,1015.6900,,681.0000,334.6900,0.2300,0.000232,0.015692,-0.084599,2,,15.69
2026-05-07 18:00:03.184045+00,1013.4800,,681.0000,332.4800,-2.2100,-0.002211,0.013479,-0.084599,2,,13.48
2026-05-07 20:22:44.550805+00,1014.5900,,670.0200,344.5700,1.1100,0.001114,0.014594,-0.084599,2,,14.59
2026-05-07 20:22:47.345491+00,1000.9000,,670.0200,330.8800,-13.6900,-0.013686,0.000904,-0.084599,2,,0.90
2026-05-07 20:22:49.57501+00,1000.9000,,670.0200,330.8800,0.0000,0.000004,0.000904,-0.084599,2,,0.90
2026-05-07 20:22:51.615805+00,1000.9000,,670.0200,330.8800,0.0000,0.000004,0.000904,-0.084599,2,,0.90
2026-05-07 20:22:54.203121+00,1000.9000,,670.0200,330.8800,0.0000,0.000004,0.000904,-0.084599,2,,0.90
2026-05-07 20:30:03.093207+00,1011.8800,,681.0000,330.8800,10.9800,0.010982,0.011882,-0.084599,2,,11.88
2026-05-07 22:00:25.887479+00,1011.8800,,681.0000,330.8800,0.0000,0.000002,0.011882,-0.084599,2,,11.88
2026-05-08 14:30:04.260561+00,1026.6800,,681.0000,345.6800,14.8000,0.014802,0.026682,-0.084599,2,,26.68
2026-05-08 16:00:04.008032+00,1029.4800,,681.0000,348.4700,2.8000,0.002797,0.029477,-0.084599,2,,29.48
2026-05-08 18:00:03.993067+00,1040.9400,,681.0000,359.9400,11.4600,0.011462,0.040942,-0.084599,2,,40.94
2026-05-08 20:30:04.036763+00,1044.6600,,681.0000,363.6600,3.7200,0.003722,0.044662,-0.084599,2,,44.66
2026-05-09 01:00:15.549412+00,1044.6600,,556.0800,488.5800,0.0000,0.000002,0.044662,-0.084599,3,,44.66
2026-05-10 22:00:25.81499+00,1044.6600,,556.0800,488.5800,0.0000,0.000002,0.044662,-0.084599,3,,44.66
2026-05-11 12:33:22.620605+00,1014.2800,,544.7900,469.4900,-30.3800,-0.030378,0.014282,-0.084599,3,,14.28
2026-05-11 14:30:04.555675+00,1026.9600,,556.0800,470.8800,12.6800,0.012677,0.026957,-0.084599,3,,26.96
2026-05-11 16:00:05.936213+00,1036.6300,,683.1700,353.4600,9.6700,0.009672,0.036632,-0.084599,2,,36.63
2026-05-11 18:00:05.79649+00,1037.3400,,789.4600,247.8800,0.7100,0.000707,0.037337,-0.084599,1,,37.34
2026-05-11 20:30:03.914168+00,1036.5000,,789.4600,247.0400,-0.8400,-0.000838,0.036502,-0.084599,1,,36.50
2026-05-11 22:00:28.232219+00,1036.5000,,789.4600,247.0400,0.0000,0.000002,0.036502,-0.084599,1,,36.50
2026-05-12 14:30:03.658494+00,1022.9300,,1022.9300,0.0000,-13.5700,-0.013568,0.022932,-0.084599,0,,22.93
2026-05-12 22:00:23.667132+00,1022.9300,,1022.9300,0.0000,0.0000,0.000002,0.022932,-0.084599,0,,22.93
2026-05-13 14:30:04.738433+00,1024.3800,,1024.3800,0.0000,1.4500,0.001452,0.024382,-0.084599,0,,24.38
2026-05-13 22:00:30.102961+00,1024.3800,,1024.3800,0.0000,0.0000,0.000002,0.024382,-0.084599,0,,24.38
2026-05-14 14:30:04.049937+00,1025.6700,,908.6700,117.0000,1.2900,0.001292,0.025672,-0.084599,1,,25.67
2026-05-14 16:00:04.150823+00,1026.6700,,908.6700,118.0000,1.0000,0.001002,0.026672,-0.084599,1,,26.67
2026-05-14 18:00:03.990364+00,1026.6000,,908.6700,117.9300,-0.0700,-0.000068,0.026602,-0.084599,1,,26.60
2026-05-14 20:30:03.817495+00,1027.0400,,908.6700,118.3700,0.4400,0.000442,0.027042,-0.084599,1,,27.04
2026-05-14 22:00:24.208907+00,1027.0400,,908.6700,118.3700,0.0000,0.000002,0.027042,-0.084599,1,,27.04
2026-05-15 14:30:03.022354+00,1021.7900,,908.6700,113.1200,-5.2500,-0.005248,0.021792,-0.084599,1,,21.79
2026-05-15 16:00:02.855552+00,1021.9400,,908.6700,113.2700,0.1500,0.000152,0.021942,-0.084599,1,,21.94
2026-05-15 18:00:02.907619+00,1024.3000,,908.6700,115.6300,2.3600,0.002362,0.024302,-0.084599,1,,24.30
2026-05-15 20:30:02.94606+00,1021.7800,,908.6700,113.1100,-2.5200,-0.002518,0.021782,-0.084599,1,,21.78
2026-05-15 22:00:27.392098+00,1021.7800,,908.6700,113.1100,0.0000,0.000002,0.021782,-0.084599,1,,21.78
2026-05-16 02:33:44.696796+00,1010.3000,,736.6700,273.6300,-11.4800,-0.011478,0.010302,-0.084599,2,,10.30
2026-05-16 02:33:48.875101+00,1007.7000,,736.6700,271.0300,-2.6000,-0.002598,0.007702,-0.084599,2,,7.70
2026-05-16 14:45:49.108276+00,1007.7000,,736.6700,271.0300,0.0000,0.000002,0.007702,-0.084599,2,,7.70
2026-05-17 22:00:24.864372+00,1021.7800,,750.7500,271.0300,14.0800,0.014082,0.021782,-0.084599,2,,21.78
2026-05-18 14:30:03.393532+00,1020.0100,,750.7500,269.2600,-1.7700,-0.001768,0.020012,-0.084599,2,,20.01
2026-05-18 16:00:05.248111+00,1020.2700,,860.0500,160.2200,0.2600,0.000257,0.020267,-0.084599,1,,20.27
2026-05-18 18:00:04.156346+00,1020.5000,,860.0500,160.4600,0.2300,0.000232,0.020502,-0.084599,1,,20.50
2026-05-18 19:44:28.598907+00,1005.9600,,845.6900,160.2700,-14.5400,-0.014536,0.005964,-0.084599,1,,5.96
2026-05-18 19:44:31.254486+00,1005.9800,,845.6900,160.2900,0.0200,0.000024,0.005984,-0.084599,1,,5.98
2026-05-18 20:30:04.139107+00,1020.5400,,860.0500,160.4900,14.5600,0.014557,0.020537,-0.084599,1,,20.54
2026-05-18 22:00:24.355861+00,1020.5400,,860.0500,160.4900,0.0000,-0.000003,0.020537,-0.084599,1,,20.54
2026-05-19 14:30:04.057143+00,1021.7800,,860.0500,161.7300,1.2400,0.001237,0.021777,-0.084599,1,,21.78
2026-05-19 16:00:04.0697+00,1021.6800,,860.0500,161.6400,-0.1000,-0.000096,0.021684,-0.084599,1,,21.68
2026-05-19 18:00:04.175392+00,1022.0900,,860.0500,162.0400,0.4100,0.000407,0.022087,-0.084599,1,,22.09
2026-05-19 20:30:05.182323+00,1023.4500,,733.6600,289.7900,1.3600,0.001357,0.023447,-0.084599,2,,23.45
2026-05-19 22:00:24.068508+00,1023.4500,,733.6600,289.7900,0.0000,-0.000003,0.023447,-0.084599,2,,23.45
2026-05-20 14:30:05.281732+00,1013.5600,,852.6300,160.9300,-9.8900,-0.009888,0.013562,-0.084599,1,,13.56
2026-05-20 16:00:04.09977+00,1011.6500,,852.6300,159.0100,-1.9100,-0.001913,0.011647,-0.084599,1,,11.65
2026-05-20 18:00:03.163049+00,1010.0100,,852.6300,157.3700,-1.6400,-0.001643,0.010007,-0.084599,1,,10.01
2026-05-20 20:30:03.163867+00,1008.9100,,852.6300,156.2800,-1.1000,-0.001098,0.008912,-0.084599,1,,8.91
2026-05-20 22:00:26.255078+00,1008.9100,,852.6300,156.2800,0.0000,0.000002,0.008912,-0.084599,1,,8.91
2026-05-21 14:30:03.227867+00,1009.6200,,852.6300,156.9900,0.7100,0.000712,0.009622,-0.084599,1,,9.62
2026-05-21 16:00:03.272678+00,1009.0200,,852.6300,156.3900,-0.6000,-0.000598,0.009022,-0.084599,1,,9.02
2026-05-21 18:00:03.139116+00,1006.5800,,852.6300,153.9500,-2.4400,-0.002438,0.006582,-0.084599,1,,6.58
2026-05-21 20:30:03.27539+00,1007.9200,,852.6300,155.2900,1.3400,0.001342,0.007922,-0.084599,1,,7.92
2026-05-21 22:00:23.726047+00,1007.9200,,852.6300,155.2900,0.0000,0.000002,0.007922,-0.084599,1,,7.92
2026-05-22 13:04:30.003256+00,992.9600,,837.6700,155.2900,-14.9600,-0.014964,-0.007044,-0.084599,1,,-7.04
2026-05-22 13:04:32.713845+00,992.9600,,837.6700,155.2900,0.0000,-0.000004,-0.007044,-0.084599,1,,-7.04
2026-05-22 13:04:33.575597+00,992.9600,,837.6700,155.2900,0.0000,-0.000004,-0.007044,-0.084599,1,,-7.04
2026-05-22 13:04:39.527036+00,992.9600,,837.6700,155.2900,0.0000,-0.000004,-0.007044,-0.084599,1,,-7.04
2026-05-22 14:30:03.24194+00,1007.7200,,852.6300,155.0900,14.7600,0.014757,0.007717,-0.084599,1,,7.72
2026-05-22 16:00:03.317856+00,1006.8000,,852.6300,154.1700,-0.9200,-0.000920,0.006800,-0.084599,1,,6.80
2026-05-22 18:00:03.160333+00,1007.3200,,852.6300,154.6900,0.5200,0.000522,0.007322,-0.084599,1,,7.32
2026-05-22 20:30:03.208457+00,1007.5500,,852.6300,154.9200,0.2300,0.000232,0.007552,-0.084599,1,,7.55
2026-05-22 20:34:29.93927+00,992.3000,,724.6400,267.6600,-15.2500,-0.015246,-0.007696,-0.084599,2,,-7.70
2026-05-22 22:00:25.123281+00,1007.5500,,739.8900,267.6600,15.2500,0.015252,0.007552,-0.084599,2,,7.55
2026-05-23 08:00:54.459284+00,992.3000,,724.6400,267.6600,-15.2500,-0.015246,-0.007696,-0.084599,2,,-7.70
2026-05-24 22:00:26.657565+00,1007.5500,,739.8900,267.6600,15.2500,0.015252,0.007552,-0.084599,2,,7.55
2026-05-25 09:01:16.428018+00,992.3000,,724.6400,267.6600,-15.2500,-0.015246,-0.007696,-0.084599,2,,-7.70
2026-05-25 14:30:04.205293+00,1007.5500,,739.8900,267.6600,15.2500,0.015252,0.007552,-0.084599,2,,7.55
2026-05-25 16:00:04.25448+00,1007.5500,,739.8900,267.6600,0.0000,0.000002,0.007552,-0.084599,2,,7.55
2026-05-25 18:00:04.247042+00,1007.5500,,739.8900,267.6600,0.0000,0.000002,0.007552,-0.084599,2,,7.55
2026-05-25 20:30:04.281532+00,1007.5500,,739.8900,267.6600,0.0000,0.000002,0.007552,-0.084599,2,,7.55
2026-05-25 22:00:27.872397+00,1007.5500,,739.8900,267.6600,0.0000,0.000002,0.007552,-0.084599,2,,7.55
2026-05-26 14:06:55.397097+00,991.6500,,724.6400,267.0100,-15.9000,-0.015901,-0.008351,-0.084599,2,,-8.35
2026-05-26 14:08:01.033727+00,5947.2400,,877.4200,5069.8200,4955.5900,4.955591,4.947241,-0.084599,1,,4947.24
2026-05-26 14:08:03.750687+00,1252.9500,,877.4200,375.5300,-4694.2900,-4.694287,0.252953,-4.694288,1,,252.95
2026-05-26 14:30:03.906432+00,1006.7300,,893.0500,113.6800,-246.2200,-0.246221,0.006729,-4.940512,1,,6.73
2026-05-26 16:00:03.851439+00,1006.9000,,893.0500,113.8500,0.1700,0.000172,0.006902,-4.940512,1,,6.90
2026-05-26 18:00:03.938986+00,1008.1500,,893.0500,115.1000,1.2500,0.001247,0.008147,-4.940512,1,,8.15
2026-05-26 20:30:03.84394+00,1007.2300,,893.0500,114.1800,-0.9200,-0.000918,0.007232,-4.940512,1,,7.23
2026-05-26 20:33:00.831788+00,991.0800,,668.6400,322.4400,-16.1500,-0.016150,-0.008920,-4.956161,2,,-8.92
2026-05-26 20:34:07.118085+00,991.0800,,668.6400,322.4400,0.0000,0.000000,-0.008920,-4.956161,2,,-8.92
2026-05-26 20:34:09.292342+00,991.0800,,668.6400,322.4400,0.0000,0.000000,-0.008920,-4.956161,2,,-8.92
2026-05-26 22:00:24.637843+00,1007.2300,,684.7900,322.4400,16.1500,0.016152,0.007232,-4.956161,2,,7.23
2026-05-27 13:10:38.238083+00,991.0800,,668.6400,322.4400,-16.1500,-0.016150,-0.008920,-4.956161,2,,-8.92
2026-05-27 14:30:03.236654+00,997.0000,,684.7900,312.2100,5.9200,0.005922,-0.002998,-4.956161,2,,-3.00
2026-05-27 16:00:03.229142+00,993.4100,,684.7900,308.6200,-3.5900,-0.003593,-0.006593,-4.956161,2,,-6.59
2026-05-27 18:00:03.189107+00,995.8600,,684.7900,311.0700,2.4500,0.002452,-0.004138,-4.956161,2,,-4.14
2026-05-27 20:30:04.266555+00,995.0900,,602.9900,392.1000,-0.7700,-0.000768,-0.004908,-4.956161,3,,-4.91
2026-05-27 22:00:23.887692+00,995.0900,,602.9900,392.1000,0.0000,0.000002,-0.004908,-4.956161,3,,-4.91
2026-05-28 14:30:05.203216+00,993.1800,,799.6700,193.5100,-1.9100,-0.001911,-0.006821,-4.956161,2,,-6.82
2026-05-28 14:33:26.516945+00,976.1600,,782.8200,193.3400,-17.0200,-0.017019,-0.023839,-4.971080,2,,-23.84
2026-05-28 14:33:29.604275+00,976.1400,,782.8200,193.3100,-0.0200,-0.000024,-0.023864,-4.971105,2,,-23.86
2026-05-28 16:00:04.099824+00,994.3900,,799.6700,194.7200,18.2500,0.018249,-0.005611,-4.971105,2,,-5.61
2026-05-28 18:00:04.139856+00,993.4800,,799.6700,193.8100,-0.9100,-0.000906,-0.006516,-4.971105,2,,-6.52
2026-05-28 20:30:04.924703+00,996.7900,,799.6700,197.1200,3.3100,0.003309,-0.003211,-4.971105,2,,-3.21
2026-05-28 20:38:36.540095+00,979.9400,,782.8200,197.1200,-16.8500,-0.016849,-0.020059,-4.971105,2,,-20.06
2026-05-28 22:00:23.543247+00,996.7900,,799.6700,197.1200,16.8500,0.016849,-0.003211,-4.971105,2,,-3.21
2026-05-29 06:53:46.045193+00,979.9400,,782.8200,197.1200,-16.8500,-0.016849,-0.020059,-4.971105,2,,-20.06
2026-05-29 06:54:32.637273+00,979.9400,,782.8200,197.1200,0.0000,0.000001,-0.020059,-4.971105,2,,-20.06
2026-05-29 11:31:59.993685+00,979.9400,,782.8200,197.1200,0.0000,0.000001,-0.020059,-4.971105,2,,-20.06
2026-05-29 11:32:30.321693+00,979.9400,,782.8200,197.1200,0.0000,0.000001,-0.020059,-4.971105,2,,-20.06
2026-05-29 14:30:05.255399+00,1001.7000,,874.8300,126.8700,21.7600,0.021759,0.001699,-4.971105,2,,1.70
2026-05-29 16:00:04.990341+00,1001.6700,,874.8300,126.8400,-0.0300,-0.000031,0.001669,-4.971105,2,,1.67
2026-05-29 18:00:05.113421+00,1000.7700,,874.8300,125.9400,-0.9000,-0.000901,0.000769,-4.971105,2,,0.77
2026-05-29 19:39:34.302318+00,983.4900,,857.7600,125.7300,-17.2800,-0.017285,-0.016515,-4.971105,2,,-16.51
2026-05-29 19:44:58.697407+00,978.1100,,857.7600,120.3500,-5.3800,-0.005380,-0.021890,-4.971105,2,,-21.89
2026-05-29 20:30:05.002995+00,1000.3500,,874.8300,125.5200,22.2400,0.022239,0.000349,-4.971105,2,,0.35
2026-05-29 22:00:23.381731+00,1000.3500,,874.8300,125.5200,0.0000,-0.000001,0.000349,-4.971105,2,,0.35
2026-05-29 22:31:40.497918+00,983.2800,,857.7600,125.5200,-17.0700,-0.017070,-0.016720,-4.971105,2,,-16.72
2026-05-29 22:38:17.185796+00,983.0200,,752.8600,230.1600,-0.2600,-0.000261,-0.016981,-4.971105,3,,-16.98
2026-05-30 14:47:16.327943+00,982.5800,,578.1300,404.4500,-0.4400,-0.000437,-0.017417,-4.971105,4,,-17.42
2026-05-31 22:00:25.041834+00,1000.3500,,595.9000,404.4500,17.7700,0.017769,0.000349,-4.971105,4,,0.35
2026-06-01 13:04:39.678543+00,982.5800,,578.1300,404.4500,-17.7700,-0.017767,-0.017417,-4.971105,4,,-17.42
2026-06-01 13:05:01.981094+00,982.5800,,578.1300,404.4500,0.0000,0.000003,-0.017417,-4.971105,4,,-17.42
2026-06-01 13:05:03.259956+00,982.5800,,578.1300,404.4500,0.0000,0.000003,-0.017417,-4.971105,4,,-17.42
2026-06-01 13:05:05.344111+00,982.5800,,578.1300,404.4500,0.0000,0.000003,-0.017417,-4.971105,4,,-17.42
2026-06-01 14:30:06.673958+00,998.9600,,641.3300,357.6300,16.3800,0.016379,-0.001041,-4.971105,3,,-1.04
2026-06-01 14:39:06.028785+00,982.7000,,623.4500,359.2500,-16.2600,-0.016259,-0.017299,-4.971105,3,,-17.30
2026-06-01 16:00:04.370296+00,998.2600,,641.3300,356.9300,15.5600,0.015564,-0.001736,-4.971105,3,,-1.74
2026-06-01 18:00:04.351317+00,999.2100,,641.3300,357.8800,0.9500,0.000949,-0.000791,-4.971105,3,,-0.79
2026-06-01 20:00:13.940151+00,984.6200,,623.4500,361.1700,-14.5900,-0.014590,-0.015380,-4.971105,3,,-15.38
2026-06-01 20:30:04.350232+00,1002.2800,,641.3300,360.9500,17.6600,0.017664,0.002284,-4.971105,3,,2.28
2026-06-01 22:00:26.389185+00,1002.2800,,641.3300,360.9500,0.0000,0.000004,0.002284,-4.971105,3,,2.28
2026-06-02 11:26:38.400764+00,984.4000,,623.4500,360.9500,-17.8800,-0.017876,-0.015596,-4.971105,3,,-15.60
2026-06-02 11:27:19.139342+00,984.1700,,529.2200,454.9500,-0.2300,-0.000231,-0.015831,-4.971105,4,,-15.83
2026-06-02 11:29:25.735487+00,984.1700,,529.2200,454.9500,0.0000,-0.000001,-0.015831,-4.971105,4,,-15.83
2026-06-02 13:32:56.64041+00,1017.0500,,653.2100,363.8400,32.8800,0.032879,0.017049,-4.971105,3,,17.05
2026-06-02 13:34:35.60928+00,1016.8600,,750.3500,266.5100,-0.1900,-0.000195,0.016855,-4.971105,2,,16.86
2026-06-02 14:30:04.078445+00,1031.4500,,769.0200,262.4400,14.5900,0.014595,0.031455,-4.971105,2,,31.45
2026-06-02 16:00:04.017039+00,1026.3900,,769.0200,257.3700,-5.0600,-0.005061,0.026389,-4.971105,2,,26.39
2026-06-02 18:00:04.033668+00,1023.6000,,769.0200,254.5800,-2.7900,-0.002791,0.023599,-4.971105,2,,23.60
2026-06-02 19:07:59.372008+00,1005.3000,,639.4500,365.8500,-18.3000,-0.018296,0.005304,-4.971105,3,,5.30
2026-06-02 19:14:42.164181+00,1005.3000,,639.4500,365.8500,0.0000,-0.000001,0.005299,-4.971105,3,,5.30
2026-06-02 20:30:05.081285+00,1026.3600,,658.4000,367.9600,21.0600,0.021059,0.026359,-4.971105,3,,26.36
2026-06-02 20:56:50.40436+00,1007.4100,,639.4500,367.9600,-18.9500,-0.018946,0.007414,-4.971105,3,,7.41
2026-06-02 22:00:24.32896+00,1026.3600,,658.4000,367.9600,18.9500,0.018949,0.026359,-4.971105,3,,26.36
2026-06-03 00:51:04.597511+00,1007.4100,,639.4500,367.9600,-18.9500,-0.018946,0.007414,-4.971105,3,,7.41
2026-06-03 01:02:56.417232+00,1007.4100,,639.4500,367.9600,0.0000,0.000004,0.007414,-4.971105,3,,7.41
2026-06-03 01:28:53.809746+00,1007.4100,,639.4500,367.9600,0.0000,0.000004,0.007414,-4.971105,3,,7.41
2026-06-03 01:36:17.436763+00,1007.4100,,639.4500,367.9600,0.0000,0.000004,0.007414,-4.971105,3,,7.41
2026-06-03 04:06:53.995721+00,1007.4100,,639.4500,367.9600,0.0000,0.000004,0.007414,-4.971105,3,,7.41
2026-06-03 12:30:23.43878+00,1026.3600,,658.4000,367.9600,18.9500,0.018949,0.026359,-4.971105,3,,26.36
2026-06-03 12:34:21.064664+00,1007.4100,,639.4500,367.9600,-18.9500,-0.018946,0.007414,-4.971105,3,,7.41
2026-06-03 13:56:32.207009+00,1001.1500,,639.4500,361.7000,-6.2600,-0.006258,0.001152,-4.971105,3,,1.15
2026-06-03 14:30:04.092811+00,1024.9100,,658.4000,366.5200,23.7600,0.023764,0.024914,-4.971105,3,,24.91
2026-06-03 16:00:04.242985+00,1026.7700,,658.4000,368.3700,1.8600,0.001859,0.026769,-4.971105,3,,26.77
2026-06-03 17:00:23.631961+00,1027.2700,,658.4000,368.8700,0.5000,0.000499,0.027269,-4.971105,3,,27.27
2026-06-03 18:00:04.236398+00,1028.7400,,658.4000,370.3400,1.4700,0.001469,0.028739,-4.971105,3,,28.74
2026-06-03 19:30:50.226745+00,1009.7100,,639.4500,370.2500,-19.0300,-0.019031,0.009709,-4.971105,3,,9.71
2026-06-03 19:31:09.057752+00,1009.5000,,639.4500,370.0500,-0.2100,-0.000206,0.009504,-4.971105,3,,9.50
2026-06-03 19:31:15.123621+00,1009.6100,,639.4500,370.1600,0.1100,0.000114,0.009614,-4.971105,3,,9.61
2026-06-03 20:30:04.152115+00,1028.5600,,658.4000,370.1600,18.9500,0.018949,0.028559,-4.971105,3,,28.56
2026-06-03 20:45:08.138969+00,1009.6100,,639.4500,370.1600,-18.9500,-0.018946,0.009614,-4.971105,3,,9.61
2026-06-03 20:45:13.585968+00,1009.6100,,639.4500,370.1600,0.0000,0.000004,0.009614,-4.971105,3,,9.61
2026-06-03 22:00:23.621528+00,1028.5600,,658.4000,370.1600,18.9500,0.018949,0.028559,-4.971105,3,,28.56
2026-06-04 05:34:58.243519+00,1009.6100,,639.4500,370.1600,-18.9500,-0.018946,0.009614,-4.971105,3,,9.61
2026-06-04 06:42:49.294531+00,1009.6100,,639.4500,370.1600,0.0000,0.000004,0.009614,-4.971105,3,,9.61
2026-06-04 12:30:23.446091+00,1028.5600,,658.4000,370.1600,18.9500,0.018949,0.028559,-4.971105,3,,28.56
2026-06-04 13:53:50.09247+00,1002.7200,,639.4500,363.2700,-25.8400,-0.025836,0.002724,-4.971105,3,,2.72
2026-06-04 13:53:55.423024+00,1002.6700,,639.4500,363.2200,-0.0500,-0.000046,0.002674,-4.971105,3,,2.67
2026-06-04 14:04:27.640283+00,1001.5300,,639.4500,362.0800,-1.1400,-0.001136,0.001534,-4.971105,3,,1.53
2026-06-04 14:19:13.396017+00,1000.4600,,639.4500,361.0100,-1.0700,-0.001066,0.000464,-4.971105,3,,0.46
2026-06-04 14:30:04.384884+00,1020.6200,,658.4000,362.2200,20.1600,0.020164,0.020624,-4.971105,3,,20.62
2026-06-04 15:59:26.059935+00,1000.9500,,639.4500,361.5000,-19.6700,-0.019666,0.000954,-4.971105,3,,0.95
2026-06-04 16:00:03.227082+00,1019.9500,,658.4000,361.5500,19.0000,0.018999,0.019949,-4.971105,3,,19.95
2026-06-04 17:00:24.157502+00,1021.9100,,658.4000,363.5100,1.9600,0.001959,0.021909,-4.971105,3,,21.91
2026-06-04 17:49:13.764354+00,1003.2200,,639.4500,363.7700,-18.6900,-0.018686,0.003224,-4.971105,3,,3.22
2026-06-04 18:00:04.34756+00,1022.3700,,658.4000,363.9700,19.1500,0.019147,0.022367,-4.971105,3,,22.37
2026-06-04 19:22:14.954301+00,1003.8200,,639.4500,364.3700,-18.5500,-0.018546,0.003824,-4.971105,3,,3.82
2026-06-04 20:30:04.214427+00,1024.1600,,658.4000,365.7600,20.3400,0.020339,0.024159,-4.971105,3,,24.16
2026-06-04 21:34:40.079035+00,1005.2100,,639.4500,365.7600,-18.9500,-0.018946,0.005214,-4.971105,3,,5.21
2026-06-04 21:42:00.597864+00,1005.2100,,639.4500,365.7600,0.0000,0.000004,0.005214,-4.971105,3,,5.21
2026-06-04 21:42:27.42302+00,1005.2100,,639.4500,365.7600,0.0000,0.000004,0.005214,-4.971105,3,,5.21
2026-06-04 22:00:25.158571+00,1024.1600,,658.4000,365.7600,18.9500,0.018949,0.024159,-4.971105,3,,24.16
2026-06-05 03:46:34.201983+00,1005.2100,,639.4500,365.7600,-18.9500,-0.018946,0.005214,-4.971105,3,,5.21
2026-06-05 03:47:16.158983+00,1005.2100,,639.4500,365.7600,0.0000,0.000004,0.005214,-4.971105,3,,5.21
2026-06-05 12:30:24.179537+00,1027.0800,,658.4000,368.6800,21.8700,0.021869,0.027079,-4.971105,3,,27.08
2026-06-05 14:30:04.440318+00,1009.6600,,758.8200,250.8400,-17.4200,-0.017421,0.009659,-4.971105,2,,9.66
2026-06-05 16:00:03.191364+00,1008.1800,,758.8200,249.3600,-1.4800,-0.001481,0.008179,-4.971105,2,,8.18
2026-06-05 17:00:24.038424+00,1007.3200,,758.8200,248.5000,-0.8600,-0.000861,0.007319,-4.971105,2,,7.32
2026-06-05 18:00:03.207212+00,1007.4900,,758.8200,248.6800,0.1700,0.000174,0.007494,-4.971105,2,,7.49
2026-06-05 20:21:30.29017+00,986.0800,,739.6200,246.4600,-21.4100,-0.021407,-0.013917,-4.971105,2,,-13.92
2026-06-05 20:30:03.098627+00,1005.2800,,758.8200,246.4600,19.2000,0.019199,0.005279,-4.971105,2,,5.28
2026-06-05 22:00:23.814048+00,1005.2800,,758.8200,246.4600,0.0000,-0.000001,0.005279,-4.971105,2,,5.28
2026-06-06 01:01:00.802046+00,986.0800,,739.6200,246.4600,-19.2000,-0.019197,-0.013917,-4.971105,2,,-13.92
2026-06-07 22:00:28.596604+00,1005.2800,,758.8200,246.4600,19.2000,0.019199,0.005279,-4.971105,2,,5.28
2026-06-08 12:30:30.797921+00,1005.2800,,758.8200,246.4600,0.0000,-0.000001,0.005279,-4.971105,2,,5.28
2026-06-08 12:34:27.726783+00,986.0800,,739.6200,246.4600,-19.2000,-0.019197,-0.013917,-4.971105,2,,-13.92
2026-06-08 12:36:05.946892+00,986.0800,,739.6200,246.4600,0.0000,0.000003,-0.013917,-4.971105,2,,-13.92
2026-06-08 14:30:03.377573+00,1009.1400,,758.8200,250.3200,23.0600,0.023059,0.009139,-4.971105,2,,9.14
2026-06-08 16:00:03.198053+00,1008.6100,,758.8200,249.7900,-0.5300,-0.000531,0.008609,-4.971105,2,,8.61
2026-06-08 17:00:23.831902+00,1008.5100,,758.8200,249.6900,-0.1000,-0.000101,0.008509,-4.971105,2,,8.51
2026-06-08 18:00:03.153192+00,1008.8200,,758.8200,250.0000,0.3100,0.000309,0.008819,-4.971105,2,,8.82
2026-06-08 20:23:32.272136+00,988.1400,,739.6200,248.5200,-20.6800,-0.020677,-0.011857,-4.971105,2,,-11.86
2026-06-08 20:23:54.508401+00,988.1400,,739.6200,248.5200,0.0000,0.000003,-0.011857,-4.971105,2,,-11.86
2026-06-08 20:30:03.168641+00,1007.3400,,758.8200,248.5200,19.2000,0.019199,0.007339,-4.971105,2,,7.34
2026-06-08 22:00:23.626518+00,1007.3400,,758.8200,248.5200,0.0000,-0.000001,0.007339,-4.971105,2,,7.34
2026-06-09 09:06:23.411744+00,988.1400,,739.6200,248.5200,-19.2000,-0.019197,-0.011857,-4.971105,2,,-11.86
2026-06-09 09:06:36.93797+00,995.7100,,739.6200,256.0900,7.5700,0.007573,-0.004287,-4.971105,2,,-4.29
2026-06-09 12:30:23.930403+00,1007.3400,,758.8200,248.5200,11.6300,0.011629,0.007339,-4.971105,2,,7.34
2026-06-09 14:30:03.201624+00,1009.2400,,758.8200,250.4300,1.9000,0.001904,0.009244,-4.971105,2,,9.24
2026-06-09 16:00:04.159178+00,1002.3000,,923.0300,79.2700,-6.9400,-0.006941,0.002299,-4.971105,1,,2.30
2026-06-09 16:23:55.456635+00,982.4900,,903.4200,79.0700,-19.8100,-0.019808,-0.017508,-4.971105,1,,-17.51
2026-06-09 16:24:52.933919+00,982.5900,,903.4200,79.1700,0.1000,0.000102,-0.017408,-4.971105,1,,-17.41
2026-06-09 17:00:23.662607+00,1001.7300,,923.0300,78.7000,19.1400,0.019139,0.001729,-4.971105,1,,1.73
2026-06-09 18:00:02.900571+00,1003.6000,,923.0300,80.5700,1.8700,0.001869,0.003599,-4.971105,1,,3.60
2026-06-09 20:30:02.93462+00,1004.2000,,923.0300,81.1700,0.6000,0.000599,0.004199,-4.971105,1,,4.20
2026-06-09 22:00:24.738443+00,1004.2000,,923.0300,81.1700,0.0000,-0.000001,0.004199,-4.971105,1,,4.20
2026-06-10 12:30:24.916606+00,1001.2400,,923.0300,78.2100,-2.9600,-0.002961,0.001239,-4.971105,1,,1.24
2026-06-10 14:30:02.994426+00,1002.3700,,923.0300,79.3500,1.1300,0.001134,0.002374,-4.971105,1,,2.37
2026-06-10 16:00:05.234633+00,1000.4600,,1000.4600,0.0000,-1.9100,-0.001908,0.000462,-4.971105,0,,0.46
2026-06-10 17:00:23.481085+00,1000.4600,,1000.4600,0.0000,0.0000,0.000002,0.000462,-4.971105,0,,0.46
2026-06-10 20:18:42.027212+00,980.6600,,980.6600,0.0000,-19.8000,-0.019798,-0.019338,-4.971105,0,,-19.34
2026-06-10 22:00:23.568449+00,1000.4600,,1000.4600,0.0000,19.8000,0.019802,0.000462,-4.971105,0,,0.46
2026-06-11 12:30:24.610638+00,1000.4600,,1000.4600,0.0000,0.0000,0.000002,0.000462,-4.971105,0,,0.46
2026-06-11 12:33:35.70204+00,980.6600,,980.6600,0.0000,-19.8000,-0.019798,-0.019338,-4.971105,0,,-19.34
2026-06-11 17:00:23.729137+00,1000.4600,,1000.4600,0.0000,19.8000,0.019802,0.000462,-4.971105,0,,0.46
2026-06-11 20:24:30.847934+00,980.6600,,980.6600,0.0000,-19.8000,-0.019798,-0.019338,-4.971105,0,,-19.34
2026-06-11 20:24:43.939533+00,980.6600,,980.6600,0.0000,0.0000,0.000002,-0.019338,-4.971105,0,,-19.34
2026-06-11 20:36:08.825647+00,980.6600,,980.6600,0.0000,0.0000,0.000002,-0.019338,-4.971105,0,,-19.34
2026-06-11 22:00:30.668834+00,1000.4600,,1000.4600,0.0000,19.8000,0.019802,0.000462,-4.971105,0,,0.46
2026-06-11 22:14:06.681734+00,980.6600,,980.6600,0.0000,-19.8000,-0.019798,-0.019338,-4.971105,0,,-19.34
2026-06-12 12:30:27.782462+00,1000.4600,,1000.4600,0.0000,19.8000,0.019802,0.000462,-4.971105,0,,0.46
2026-06-12 13:17:53.764118+00,980.6600,,980.6600,0.0000,-19.8000,-0.019798,-0.019338,-4.971105,0,,-19.34
2026-06-12 13:18:19.213822+00,1046.3800,,879.9300,166.4500,65.7200,0.065721,0.046381,-4.971105,1,,46.38
2026-06-12 13:18:28.911981+00,980.4100,,879.9300,100.4800,-65.9700,-0.065969,-0.019589,-4.971105,1,,-19.59
2026-06-12 13:18:45.912851+00,980.4100,,879.9300,100.4800,0.0000,0.000001,-0.019589,-4.971105,1,,-19.59
2026-06-12 13:18:48.372085+00,980.4100,,879.9300,100.4800,0.0000,0.000001,-0.019589,-4.971105,1,,-19.59
2026-06-12 14:30:03.974151+00,1001.6100,,899.9800,101.6300,21.2000,0.021202,0.001612,-4.971105,1,,1.61
2026-06-12 14:38:22.777584+00,981.9300,,879.9300,102.0000,-19.6800,-0.019684,-0.018074,-4.971105,1,,-18.07
2026-06-12 14:38:47.552525+00,981.9400,,879.9300,102.0000,0.0100,0.000006,-0.018064,-4.971105,1,,-18.06
2026-06-12 14:39:00.332453+00,981.9400,,879.9300,102.0100,0.0000,0.000001,-0.018059,-4.971105,1,,-18.06
2026-06-12 14:39:08.746628+00,981.9400,,879.9300,102.0100,0.0000,0.000001,-0.018059,-4.971105,1,,-18.06
2026-06-12 16:00:04.033779+00,1002.2100,,899.9800,102.2300,20.2700,0.020273,0.002213,-4.971105,1,,2.21
2026-06-12 17:00:24.261908+00,1001.5000,,899.9800,101.5100,-0.7100,-0.000713,0.001497,-4.971105,1,,1.50
2026-06-12 18:00:03.98458+00,1001.7700,,899.9800,101.7900,0.2700,0.000270,0.001770,-4.971105,1,,1.77
2026-06-12 20:07:12.196543+00,981.9100,,879.9300,101.9800,-19.8600,-0.019859,-0.018089,-4.971105,1,,-18.09
2026-06-12 20:30:03.952582+00,1001.9400,,899.9800,101.9600,20.0300,0.020032,0.001942,-4.971105,1,,1.94
2026-06-12 22:00:24.64947+00,1001.9400,,899.9800,101.9600,0.0000,0.000002,0.001942,-4.971105,1,,1.94
2026-06-12 22:19:27.356494+00,981.8900,,879.9300,101.9600,-20.0500,-0.020049,-0.018109,-4.971105,1,,-18.11
2026-06-13 07:06:03.026711+00,981.8900,,879.9300,101.9600,0.0000,0.000001,-0.018109,-4.971105,1,,-18.11
2026-06-14 15:03:12.732841+00,981.8900,,879.9300,101.9600,0.0000,0.000001,-0.018109,-4.971105,1,,-18.11
2026-06-14 15:03:17.428035+00,981.8900,,879.9300,101.9600,0.0000,0.000001,-0.018109,-4.971105,1,,-18.11
2026-06-14 22:00:31.57238+00,1001.9400,,899.9800,101.9600,20.0500,0.020052,0.001942,-4.971105,1,,1.94
2026-06-15 10:19:42.430542+00,981.8900,,879.9300,101.9600,-20.0500,-0.020049,-0.018109,-4.971105,1,,-18.11
2026-06-15 10:20:00.17359+00,981.8900,,879.9300,101.9600,0.0000,0.000001,-0.018109,-4.971105,1,,-18.11
2026-06-15 12:30:23.916418+00,1001.9400,,899.9800,101.9600,20.0500,0.020052,0.001942,-4.971105,1,,1.94
2026-06-15 12:59:44.525083+00,981.8900,,879.9300,101.9600,-20.0500,-0.020049,-0.018109,-4.971105,1,,-18.11
2026-06-15 13:00:00.874877+00,981.8900,,879.9300,101.9600,0.0000,0.000001,-0.018109,-4.971105,1,,-18.11
2026-06-15 13:59:09.319909+00,979.9800,,879.9300,100.0500,-1.9100,-0.001909,-0.020019,-4.971105,1,,-20.02
2026-06-15 13:59:45.668264+00,980.0400,,879.9300,100.1100,0.0600,0.000061,-0.019959,-4.971105,1,,-19.96
2026-06-15 14:30:03.156119+00,1000.1000,,899.9800,100.1200,20.0600,0.020063,0.000103,-4.971105,1,,0.10
2026-06-15 16:00:04.146387+00,1000.7200,,899.9800,100.7400,0.6200,0.000618,0.000718,-4.971105,1,,0.72
2026-06-15 17:00:24.649724+00,1001.3400,,899.9800,101.3600,0.6200,0.000623,0.001343,-4.971105,1,,1.34
2026-06-15 18:00:04.165064+00,1000.9800,,899.9800,101.0000,-0.3600,-0.000362,0.000978,-4.971105,1,,0.98
2026-06-15 20:30:04.108863+00,1000.6600,,899.9800,100.6800,-0.3200,-0.000317,0.000663,-4.971105,1,,0.66
2026-06-15 22:00:26.147161+00,1000.6600,,899.9800,100.6800,0.0000,0.000003,0.000663,-4.971105,1,,0.66
2026-06-16 03:30:36.290193+00,980.6100,,879.9300,100.6800,-20.0500,-0.020049,-0.019389,-4.971105,1,,-19.39
2026-06-16 03:31:13.849038+00,980.6100,,879.9300,100.6800,0.0000,0.000001,-0.019389,-4.971105,1,,-19.39
2026-06-16 12:30:24.651897+00,1001.9400,,899.9800,101.9600,21.3300,0.021332,0.001942,-4.971105,1,,1.94
2026-06-16 13:07:50.396552+00,980.6100,,879.9300,100.6800,-21.3300,-0.021329,-0.019389,-4.971105,1,,-19.39
2026-06-16 13:08:08.952366+00,,,879.9300,,,,,-4.971105,1,,
2026-06-16 13:08:13.76116+00,980.6100,,879.9300,100.6800,,,-0.019389,-4.971105,1,,-19.39
2026-06-16 13:08:17.085053+00,980.6100,,879.9300,100.6800,0.0000,0.000001,-0.019389,-4.971105,1,,-19.39
2026-06-16 13:26:49.023874+00,980.6100,,879.9300,100.6800,0.0000,0.000001,-0.019389,-4.971105,1,,-19.39
2026-06-16 14:10:42.849322+00,979.7300,,879.9300,99.8000,-0.8800,-0.000879,-0.020269,-4.971105,1,,-20.27
2026-06-16 14:30:03.104113+00,1000.2000,,899.9800,100.2100,20.4700,0.020465,0.000195,-4.971105,1,,0.20
2026-06-16 16:00:03.144466+00,1000.2100,,899.9800,100.2300,0.0100,0.000013,0.000213,-4.971105,1,,0.21
2026-06-16 17:00:24.454911+00,1000.6600,,899.9800,100.6800,0.4500,0.000448,0.000658,-4.971105,1,,0.66
2026-06-16 18:00:03.141504+00,1000.3100,,899.9800,100.3300,-0.3500,-0.000347,0.000313,-4.971105,1,,0.31
2026-06-16 20:30:04.02115+00,1000.7000,,899.9800,100.7200,0.3900,0.000393,0.000703,-4.971105,1,,0.70
2026-06-16 22:00:24.993956+00,1000.7000,,899.9800,100.7200,0.0000,0.000003,0.000703,-4.971105,1,,0.70
2026-06-17 12:30:24.256902+00,1000.7000,,899.9800,100.7200,0.0000,0.000003,0.000703,-4.971105,1,,0.70
2026-06-17 12:31:10.458747+00,980.6500,,879.9300,100.7200,-20.0500,-0.020049,-0.019349,-4.971105,1,,-19.35
2026-06-17 13:59:22.881519+00,979.4400,,879.9300,99.5100,-1.2100,-0.001209,-0.020559,-4.971105,1,,-20.56
2026-06-17 14:30:03.296394+00,999.2600,,899.9800,99.2800,19.8200,0.019818,-0.000742,-4.971105,1,,-0.74
2026-06-17 22:00:23.766745+00,999.1400,,899.9800,99.1600,-0.1200,-0.000117,-0.000857,-4.971105,1,,-0.86
2026-06-18 00:34:21.898036+00,979.0900,,879.9300,99.1600,-20.0500,-0.020049,-0.020909,-4.971105,1,,-20.91
2026-06-18 00:34:36.268652+00,979.0900,,879.9300,99.1600,0.0000,0.000001,-0.020909,-4.971105,1,,-20.91
2026-06-18 00:40:02.985252+00,979.0900,,879.9300,99.1600,0.0000,0.000001,-0.020909,-4.971105,1,,-20.91
2026-06-18 00:53:01.730509+00,979.0900,,879.9300,99.1600,0.0000,0.000001,-0.020909,-4.971105,1,,-20.91
2026-06-18 01:00:47.19587+00,979.0900,,879.9300,99.1600,0.0000,0.000001,-0.020909,-4.971105,1,,-20.91
2026-06-18 01:26:21.22314+00,979.0900,,879.9300,99.1600,0.0000,0.000001,-0.020909,-4.971105,1,,-20.91
2026-06-18 12:30:24.703173+00,999.1400,,899.9800,99.1600,20.0500,0.020053,-0.000857,-4.971105,1,,-0.86
2026-06-18 12:52:32.255808+00,979.0900,,879.9300,99.1600,-20.0500,-0.020049,-0.020909,-4.971105,1,,-20.91
2026-06-18 12:57:58.594694+00,979.0900,,879.9300,99.1600,0.0000,0.000001,-0.020909,-4.971105,1,,-20.91
2026-06-18 13:03:50.965611+00,979.0900,,879.9300,99.1600,0.0000,0.000001,-0.020909,-4.971105,1,,-20.91
2026-06-18 14:28:37.266765+00,978.1100,,879.9300,98.1800,-0.9800,-0.000979,-0.021889,-4.971105,1,,-21.89
2026-06-18 14:28:48.439562+00,978.1100,,879.9300,98.1800,0.0000,0.000001,-0.021889,-4.971105,1,,-21.89
2026-06-18 14:30:03.629893+00,998.0900,,899.9800,98.1100,19.9800,0.019983,-0.001907,-4.971105,1,,-1.91
2026-06-18 14:30:14.625651+00,978.0500,,879.9300,98.1200,-20.0400,-0.020039,-0.021949,-4.971105,1,,-21.95
2026-06-18 16:00:03.270683+00,998.6200,,899.9800,98.6400,20.5700,0.020568,-0.001382,-4.971105,1,,-1.38
2026-06-18 17:00:24.418719+00,998.3100,,899.9800,98.3300,-0.3100,-0.000305,-0.001685,-4.971105,1,,-1.69
2026-06-18 18:00:03.171292+00,998.3100,,899.9800,98.3200,0.0000,-0.000003,-0.001693,-4.971105,1,,-1.69
2026-06-18 19:37:06.581292+00,978.2700,,879.9300,98.3300,-20.0400,-0.020044,-0.021734,-4.971105,1,,-21.73
2026-06-18 19:37:50.30389+00,978.1500,,879.9300,98.2200,-0.1200,-0.000119,-0.021849,-4.971105,1,,-21.85
2026-06-18 19:43:13.582496+00,978.3100,,879.9300,98.3800,0.1600,0.000156,-0.021694,-4.971105,1,,-21.69
2026-06-18 20:30:03.179818+00,998.3000,,899.9800,98.3200,19.9900,0.019992,-0.001698,-4.971105,1,,-1.70
2026-06-18 22:00:29.238494+00,998.3000,,899.9800,98.3200,0.0000,0.000002,-0.001698,-4.971105,1,,-1.70
2026-06-19 00:22:08.970684+00,978.2500,,879.9300,98.3200,-20.0500,-0.020049,-0.021749,-4.971105,1,,-21.75
2026-06-19 00:23:17.12055+00,977.3500,,518.9300,458.4200,-0.9000,-0.000899,-0.022649,-4.971105,3,,-22.65
2026-06-19 12:30:27.148447+00,998.3000,,539.8800,458.4200,20.9500,0.020953,-0.001697,-4.971105,3,,-1.70
2026-06-19 12:54:24.027865+00,977.3500,,518.9300,458.4200,-20.9500,-0.020949,-0.022649,-4.971105,3,,-22.65
2026-06-19 12:55:44.180176+00,977.1400,,434.5400,542.6000,-0.2100,-0.000209,-0.022859,-4.971105,4,,-22.86
2026-06-19 14:30:03.66701+00,998.3000,,455.7000,542.6000,21.1600,0.021163,-0.001697,-4.971105,4,,-1.70
2026-06-19 16:00:03.668195+00,998.3000,,455.7000,542.6000,0.0000,0.000003,-0.001697,-4.971105,4,,-1.70
2026-06-19 17:00:25.339682+00,998.3000,,455.7000,542.6000,0.0000,0.000003,-0.001697,-4.971105,4,,-1.70
2026-06-19 17:05:38.952049+00,977.1400,,434.5400,542.6000,-21.1600,-0.021159,-0.022859,-4.971105,4,,-22.86
2026-06-19 17:06:13.268058+00,977.1400,,434.5400,542.6000,0.0000,0.000001,-0.022859,-4.971105,4,,-22.86
2026-06-19 17:06:16.240949+00,977.1400,,434.5400,542.6000,0.0000,0.000001,-0.022859,-4.971105,4,,-22.86
2026-06-19 17:06:18.411314+00,977.1400,,434.5400,542.6000,0.0000,0.000001,-0.022859,-4.971105,4,,-22.86
2026-06-19 18:00:03.705077+00,998.3000,,455.7000,542.6000,21.1600,0.021163,-0.001697,-4.971105,4,,-1.70
2026-06-19 20:30:03.61739+00,998.3000,,455.7000,542.6000,0.0000,0.000003,-0.001697,-4.971105,4,,-1.70
2026-06-19 22:00:24.760161+00,998.3000,,455.7000,542.6000,0.0000,0.000003,-0.001697,-4.971105,4,,-1.70
2026-06-21 22:00:29.047427+00,998.3000,,455.7000,542.6000,0.0000,0.000003,-0.001697,-4.971105,4,,-1.70
2026-06-22 11:28:29.576843+00,977.1400,,434.5400,542.6000,-21.1600,-0.021159,-0.022859,-4.971105,4,,-22.86
2026-06-22 12:30:25.259104+00,998.3000,,391.7400,606.5600,21.1600,0.021163,-0.001697,-4.971105,5,,-1.70
2026-06-22 12:45:14.985703+00,976.9800,,370.4200,606.5600,-21.3200,-0.021319,-0.023019,-4.971105,5,,-23.02
2026-06-22 13:00:59.862113+00,976.9800,,370.4200,606.5600,0.0000,0.000001,-0.023019,-4.971105,5,,-23.02
2026-06-22 14:30:05.277307+00,1005.9800,,450.4400,555.5300,29.0000,0.028997,0.005977,-4.971105,4,,5.98
2026-06-22 16:00:03.569669+00,1004.3600,,450.4400,553.9200,-1.6200,-0.001622,0.004358,-4.971105,4,,4.36
2026-06-22 17:00:24.162109+00,1008.9600,,450.4400,558.5100,4.6000,0.004595,0.008955,-4.971105,4,,8.96
2026-06-22 18:00:03.633804+00,1007.6000,,450.4400,557.1600,-1.3600,-0.001359,0.007601,-4.971105,4,,7.60
2026-06-22 18:42:46.498802+00,982.2200,,428.9700,553.2500,-25.3800,-0.025377,-0.017777,-4.971105,4,,-17.78
2026-06-22 20:16:30.35533+00,979.0300,,428.9700,550.0600,-3.1900,-0.003186,-0.020966,-4.971105,4,,-20.97
2026-06-22 20:24:32.437293+00,979.0300,,428.9700,550.0600,0.0000,0.000004,-0.020966,-4.971105,4,,-20.97
2026-06-22 20:30:03.465964+00,1000.5000,,450.4400,550.0600,21.4700,0.021472,0.000502,-4.971105,4,,0.50
2026-06-22 21:36:19.995635+00,979.0300,,428.9700,550.0600,-21.4700,-0.021466,-0.020966,-4.971105,4,,-20.97
2026-06-22 22:00:24.421266+00,1000.5000,,450.4400,550.0600,21.4700,0.021472,0.000502,-4.971105,4,,0.50
2026-06-23 00:48:45.111302+00,979.0300,,428.9700,550.0600,-21.4700,-0.021466,-0.020966,-4.971105,4,,-20.97
2026-06-23 09:56:14.793192+00,979.0300,,428.9700,550.0600,0.0000,0.000004,-0.020966,-4.971105,4,,-20.97
2026-06-23 09:56:43.295642+00,979.0300,,428.9700,550.0600,0.0000,0.000004,-0.020966,-4.971105,4,,-20.97
2026-06-23 12:30:23.780223+00,1000.5000,,450.4400,550.0600,21.4700,0.021472,0.000502,-4.971105,4,,0.50
2026-06-23 13:24:45.806613+00,979.0300,,428.9700,550.0600,-21.4700,-0.021466,-0.020966,-4.971105,4,,-20.97
2026-06-23 13:25:18.843381+00,979.0300,,428.9700,550.0600,0.0000,0.000004,-0.020966,-4.971105,4,,-20.97
2026-06-23 14:30:04.601154+00,980.5900,,656.0100,324.5800,1.5600,0.001558,-0.019412,-4.971105,3,,-19.41
2026-06-23 16:00:03.500219+00,979.9400,,656.0100,323.9300,-0.6500,-0.000652,-0.020062,-4.971105,3,,-20.06
2026-06-23 17:00:24.557083+00,978.7900,,656.0100,322.7800,-1.1500,-0.001146,-0.021206,-4.971105,3,,-21.21
2026-06-23 18:00:03.541736+00,976.8700,,656.0100,320.8600,-1.9200,-0.001918,-0.023128,-4.971105,3,,-23.13
2026-06-23 18:13:51.490649+00,954.8700,,634.0300,320.8400,-22.0000,-0.022000,-0.045130,-4.992371,3,,-45.13
2026-06-23 20:30:03.394049+00,976.5800,,656.0100,320.5700,21.7100,0.021712,-0.023418,-4.992371,3,,-23.42
2026-06-23 22:00:29.972228+00,976.5800,,656.0100,320.5700,0.0000,0.000002,-0.023418,-4.992371,3,,-23.42
2026-06-23 22:06:14.317948+00,954.6000,,634.0300,320.5700,-21.9800,-0.021980,-0.045400,-4.992641,3,,-45.40
2026-06-23 22:07:52.765024+00,954.2700,,499.9600,454.3100,-0.3300,-0.000334,-0.045734,-4.992975,4,,-45.73
2026-06-24 12:30:25.933296+00,976.5800,,522.2700,454.3100,22.3100,0.022313,-0.023417,-4.992975,4,,-23.42
2026-06-24 12:36:32.88527+00,954.2700,,499.9600,454.3100,-22.3100,-0.022314,-0.045734,-4.992975,4,,-45.73
2026-06-24 12:42:32.87204+00,954.2700,,499.9600,454.3100,0.0000,-0.000004,-0.045734,-4.992975,4,,-45.73
2026-06-24 13:42:46.746942+00,954.3600,,499.9600,454.4000,0.0900,0.000090,-0.045640,-4.992975,4,,-45.64
2026-06-24 13:52:33.879342+00,957.4800,,499.9600,457.5200,3.1200,0.003115,-0.042525,-4.992975,4,,-42.52
2026-06-24 14:04:02.056981+00,955.8100,,499.9600,455.8500,-1.6700,-0.001675,-0.044195,-4.992975,4,,-44.19
2026-06-24 14:04:09.540438+00,955.8600,,499.9600,455.9000,0.0500,0.000050,-0.044140,-4.992975,4,,-44.14
2026-06-24 14:05:48.997567+00,956.5300,,499.9600,456.5700,0.6700,0.000665,-0.043475,-4.992975,4,,-43.47
2026-06-24 14:14:16.945765+00,955.4100,,499.9600,455.4500,-1.1200,-0.001120,-0.044590,-4.992975,4,,-44.59
2026-06-24 14:20:14.730332+00,954.2200,,499.9600,454.2600,-1.1900,-0.001190,-0.045780,-4.993021,4,,-45.78
2026-06-24 14:33:11.909065+00,956.9500,,589.7300,367.2200,2.7300,0.002731,-0.043049,-4.993021,3,,-43.05
2026-06-24 14:40:28.264279+00,957.9400,,589.7300,368.2100,0.9900,0.000991,-0.042059,-4.993021,3,,-42.06
2026-06-24 16:00:03.601218+00,959.0900,,589.7300,369.3600,1.1500,0.001150,-0.040910,-4.993021,3,,-40.91
2026-06-24 17:00:34.780224+00,955.7300,,589.7300,366.0000,-3.3600,-0.003359,-0.044269,-4.993021,3,,-44.27
2026-06-24 18:00:03.445625+00,953.3800,,589.7300,363.6500,-2.3500,-0.002345,-0.046615,-4.993856,3,,-46.62
2026-06-24 19:58:24.30119+00,958.0700,,589.7300,368.3400,4.6900,0.004690,-0.041930,-4.993856,3,,-41.93
2026-06-24 19:58:54.980595+00,957.9400,,589.7300,368.2100,-0.1300,-0.000129,-0.042059,-4.993856,3,,-42.06
2026-06-24 20:01:39.988761+00,958.2600,,458.8800,499.3800,0.3200,0.000324,-0.041736,-4.993856,4,,-41.74
2026-06-24 20:30:03.43538+00,957.9000,,458.8800,499.0200,-0.3600,-0.000356,-0.042096,-4.993856,4,,-42.10
2026-06-24 22:00:24.988738+00,957.6300,,458.8800,498.7500,-0.2700,-0.000266,-0.042366,-4.993856,4,,-42.37
2026-06-24 22:18:29.026807+00,957.9000,,458.8800,499.0200,0.2700,0.000274,-0.042096,-4.993856,4,,-42.10
2026-06-25 09:48:03.221886+00,957.9000,,458.8800,499.0200,0.0000,0.000004,-0.042096,-4.993856,4,,-42.10
2026-06-25 09:49:23.369878+00,957.9000,,458.8800,499.0200,0.0000,0.000004,-0.042096,-4.993856,4,,-42.10
2026-06-25 12:29:19.004048+00,957.9000,,458.8800,499.0200,0.0000,0.000004,-0.042096,-4.993856,4,,-42.10
2026-06-25 12:30:25.349656+00,957.9000,,458.8800,499.0200,0.0000,0.000004,-0.042096,-4.993856,4,,-42.10
2026-06-25 13:07:17.577168+00,957.9000,,458.8800,499.0200,0.0000,0.000004,-0.042096,-4.993856,4,,-42.10
2026-06-25 14:10:05.312142+00,965.6200,,458.8800,506.7400,7.7200,0.007724,-0.034376,-4.993856,4,,-34.38
2026-06-25 14:12:23.192716+00,967.5200,,458.8800,508.6400,1.9000,0.001904,-0.032476,-4.993856,4,,-32.48
2026-06-25 14:30:07.459851+00,966.4600,,700.3400,266.1100,-1.0600,-0.001061,-0.033541,-4.993856,2,,-33.54
2026-06-25 16:00:03.313631+00,964.4200,,700.3400,264.0800,-2.0400,-0.002036,-0.035576,-4.993856,2,,-35.58
2026-06-25 17:00:25.759186+00,965.8300,,700.3400,265.4900,1.4100,0.001414,-0.034166,-4.993856,2,,-34.17
2026-06-25 18:00:05.144193+00,968.3800,,836.3000,132.0800,2.5500,0.002553,-0.031617,-4.993856,1,,-31.62
2026-06-25 20:30:03.159892+00,969.1700,,836.3000,132.8700,0.7900,0.000793,-0.030827,-4.993856,1,,-30.83
2026-06-25 20:32:48.385106+00,896.0500,,836.3000,59.7500,-73.1200,-0.073117,-0.103947,-5.051188,1,,-103.95
2026-06-25 20:33:31.648955+00,969.1700,,836.3000,132.8700,73.1200,0.073123,-0.030827,-5.051188,1,,-30.83
2026-06-25 22:00:28.229947+00,969.1700,,836.3000,132.8700,0.0000,0.000003,-0.030827,-5.051188,1,,-30.83
2026-06-26 12:30:26.664604+00,969.1700,,836.3000,132.8700,0.0000,0.000003,-0.030827,-5.051188,1,,-30.83
2026-06-26 14:03:27.202479+00,966.2900,,836.3000,129.9900,-2.8800,-0.002876,-0.033706,-5.051188,1,,-33.71
2026-06-26 14:05:55.600835+00,966.0400,,836.3000,129.7400,-0.2500,-0.000252,-0.033962,-5.051188,1,,-33.96
2026-06-26 14:30:03.165166+00,966.1800,,836.3000,129.8800,0.1400,0.000143,-0.033817,-5.051188,1,,-33.82
2026-06-26 15:01:16.780151+00,965.2200,,836.3000,128.9200,-0.9600,-0.000957,-0.034777,-5.051188,1,,-34.78
2026-06-26 15:02:07.347643+00,965.3300,,836.3000,129.0300,0.1100,0.000113,-0.034667,-5.051188,1,,-34.67
2026-06-26 16:00:03.360162+00,965.2600,,836.3000,128.9600,-0.0700,-0.000072,-0.034742,-5.051188,1,,-34.74
2026-06-26 17:00:25.806496+00,965.6600,,836.3000,129.3500,0.4000,0.000398,-0.034342,-5.051188,1,,-34.34
2026-06-26 18:00:03.159073+00,964.6600,,836.3000,128.3600,-1.0000,-0.000997,-0.035337,-5.051188,1,,-35.34
2026-06-26 20:08:20.404765+00,964.6200,,836.3000,128.3200,-0.0400,-0.000037,-0.035377,-5.051188,1,,-35.38
2026-06-26 20:08:56.526177+00,964.6200,,836.3000,128.3200,0.0000,0.000003,-0.035377,-5.051188,1,,-35.38
2026-06-26 20:12:17.295666+00,964.4600,,768.8700,195.5900,-0.1600,-0.000165,-0.035545,-5.051188,2,,-35.54
2026-06-26 20:30:03.281157+00,964.4600,,768.8700,195.5900,0.0000,-0.000005,-0.035545,-5.051188,2,,-35.54
2026-06-26 22:00:34.167683+00,964.4600,,768.8700,195.5900,0.0000,-0.000005,-0.035545,-5.051188,2,,-35.54
2026-06-28 12:55:56.087183+00,964.4600,,768.8700,195.5900,0.0000,-0.000005,-0.035545,-5.051188,2,,-35.54
2026-06-28 12:59:06.768958+00,964.2000,,668.4100,295.7900,-0.2600,-0.000255,-0.035795,-5.051188,3,,-35.80
2026-06-28 22:00:38.56868+00,964.2000,,668.4100,295.7900,0.0000,0.000005,-0.035795,-5.051188,3,,-35.80
2026-06-29 12:00:24.269517+00,964.2000,,668.4100,295.7900,0.0000,0.000005,-0.035795,-5.051188,3,,-35.80
2026-06-29 12:06:05.045182+00,964.2000,,668.4100,295.7900,0.0000,0.000005,-0.035795,-5.051188,3,,-35.80
2026-06-29 12:30:38.910667+00,964.2000,,668.4100,295.7900,0.0000,0.000005,-0.035795,-5.051188,3,,-35.80
2026-06-29 14:30:04.822527+00,959.8900,,788.9800,170.9100,-4.3100,-0.004313,-0.040113,-5.051188,2,,-40.11
2026-06-29 16:00:03.197836+00,956.8200,,788.9800,167.8400,-3.0700,-0.003073,-0.043183,-5.051188,2,,-43.18
2026-06-29 17:00:25.090586+00,956.9000,,788.9800,167.9200,0.0800,0.000077,-0.043103,-5.051188,2,,-43.10
2026-06-29 18:00:03.21698+00,957.2300,,788.9800,168.2600,0.3300,0.000332,-0.042768,-5.051188,2,,-42.77
2026-06-29 20:25:54.075642+00,959.1800,,788.9800,170.2000,1.9500,0.001947,-0.040823,-5.051188,2,,-40.82
2026-06-29 20:27:13.326498+00,959.1800,,788.9800,170.2000,0.0000,-0.000003,-0.040823,-5.051188,2,,-40.82
2026-06-29 20:30:03.565603+00,959.1800,,788.9800,170.2000,0.0000,-0.000003,-0.040823,-5.051188,2,,-40.82
2026-06-29 22:00:27.914197+00,959.1800,,788.9800,170.2000,0.0000,-0.000003,-0.040823,-5.051188,2,,-40.82
2026-06-30 11:32:03.758634+00,959.1800,,788.9800,170.2000,0.0000,-0.000003,-0.040823,-5.051188,2,,-40.82
2026-06-30 11:35:36.764142+00,959.1800,,788.9800,170.2000,0.0000,-0.000003,-0.040823,-5.051188,2,,-40.82
2026-06-30 12:30:26.108726+00,959.1800,,788.9800,170.2000,0.0000,-0.000003,-0.040823,-5.051188,2,,-40.82
2026-06-30 12:36:37.341936+00,959.1800,,788.9800,170.2000,0.0000,-0.000003,-0.040823,-5.051188,2,,-40.82
2026-06-30 13:00:51.648659+00,959.1800,,788.9800,170.2000,0.0000,-0.000003,-0.040823,-5.051188,2,,-40.82
2026-06-30 13:01:11.891172+00,959.1800,,788.9800,170.2000,0.0000,-0.000003,-0.040823,-5.051188,2,,-40.82
2026-06-30 14:30:05.150193+00,961.6700,,861.3600,100.3100,2.4900,0.002486,-0.038334,-5.051188,1,,-38.33
2026-06-30 16:00:03.089504+00,960.9800,,861.3600,99.6200,-0.6900,-0.000694,-0.039024,-5.051188,1,,-39.02
2026-06-30 17:00:24.876732+00,961.1700,,861.3600,99.8100,0.1900,0.000191,-0.038829,-5.051188,1,,-38.83
2026-06-30 17:28:36.472665+00,961.3100,,861.3600,99.9400,0.1400,0.000136,-0.038694,-5.051188,1,,-38.69
2026-06-30 18:00:03.065691+00,961.0700,,861.3600,99.7100,-0.2400,-0.000244,-0.038934,-5.051188,1,,-38.93
2026-06-30 20:23:40.214067+00,959.5500,,861.3600,98.1900,-1.5200,-0.001519,-0.040449,-5.051188,1,,-40.45
2026-06-30 20:30:03.0444+00,959.5500,,861.3600,98.1900,0.0000,0.000001,-0.040449,-5.051188,1,,-40.45
2026-06-30 20:38:19.969793+00,959.5500,,861.3600,98.1900,0.0000,0.000001,-0.040449,-5.051188,1,,-40.45
2026-06-30 22:00:26.509701+00,959.5500,,861.3600,98.1900,0.0000,0.000001,-0.040449,-5.051188,1,,-40.45
2026-07-01 10:54:09.743989+00,959.5500,,861.3600,98.1900,0.0000,0.000001,-0.040449,-5.051188,1,,-40.45
2026-07-01 10:55:08.712256+00,959.5500,,861.3600,98.1900,0.0000,0.000001,-0.040449,-5.051188,1,,-40.45
2026-07-01 11:57:59.981115+00,959.5500,,861.3600,98.1900,0.0000,0.000001,-0.040449,-5.051188,1,,-40.45
2026-07-01 12:30:26.140546+00,959.5500,,861.3600,98.1900,0.0000,0.000001,-0.040449,-5.051188,1,,-40.45
2026-07-01 13:34:28.59834+00,961.5600,,861.3600,100.2000,2.0100,0.002011,-0.038439,-5.051188,1,,-38.44
2026-07-01 13:34:37.855696+00,961.5800,,861.3600,100.2100,0.0200,0.000016,-0.038424,-5.051188,1,,-38.42
2026-07-01 13:51:23.551183+00,961.3200,,861.3600,99.9600,-0.2600,-0.000259,-0.038679,-5.051188,1,,-38.68
2026-07-01 14:30:03.338961+00,960.9000,,861.3600,99.5400,-0.4200,-0.000419,-0.039099,-5.051188,1,,-39.10
2026-07-01 16:00:03.125335+00,961.7600,,861.3600,100.4000,0.8600,0.000856,-0.038244,-5.051188,1,,-38.24
2026-07-01 17:00:25.700204+00,961.9100,,861.3600,100.5400,0.1500,0.000146,-0.038094,-5.051188,1,,-38.09
2026-07-01 18:00:03.032988+00,962.0300,,861.3600,100.6700,0.1200,0.000116,-0.037974,-5.051188,1,,-37.97
2026-07-01 20:30:03.286047+00,961.4700,,861.3600,100.1100,-0.5600,-0.000559,-0.038529,-5.051188,1,,-38.53
2026-07-01 20:32:54.267488+00,941.7900,,861.3600,80.4300,-19.6800,-0.019679,-0.058209,-5.051188,1,,-58.21
2026-07-01 20:34:02.415551+00,961.4700,,861.3600,100.1100,19.6800,0.019681,-0.038529,-5.051188,1,,-38.53
2026-07-01 22:00:26.486147+00,961.4700,,861.3600,100.1100,0.0000,0.000001,-0.038529,-5.051188,1,,-38.53
2026-07-02 07:16:02.514936+00,961.4700,,861.3600,100.1100,0.0000,0.000001,-0.038529,-5.051188,1,,-38.53
2026-07-02 12:15:29.63444+00,961.4700,,861.3600,100.1100,0.0000,0.000001,-0.038529,-5.051188,1,,-38.53
2026-07-02 12:15:46.504454+00,1795.6200,,861.3600,934.2600,834.1500,0.834151,0.795621,-5.051188,1,,795.62
2026-07-02 12:30:28.392792+00,961.4700,,861.3600,100.1100,-834.1500,-0.834149,-0.038529,-5.051188,1,,-38.53
2026-07-02 14:30:03.161979+00,961.9800,,861.3600,100.6200,0.5100,0.000511,-0.038019,-5.051188,1,,-38.02
2026-07-02 16:00:03.122348+00,961.3500,,861.3600,99.9900,-0.6300,-0.000629,-0.038649,-5.051188,1,,-38.65
2026-07-02 17:00:26.768829+00,961.3400,,861.3600,99.9800,-0.0100,-0.000014,-0.038664,-5.051188,1,,-38.66
2026-07-02 18:00:03.301339+00,960.2000,,861.3600,98.8300,-1.1400,-0.001144,-0.039804,-5.051188,1,,-39.80
2026-07-02 20:03:06.366417+00,961.2600,,861.3600,99.9000,1.0600,0.001061,-0.038739,-5.051188,1,,-38.74
2026-07-02 20:30:03.121407+00,961.2600,,861.3600,99.9000,0.0000,0.000001,-0.038739,-5.051188,1,,-38.74
2026-07-02 22:00:26.77908+00,961.2600,,861.3600,99.9000,0.0000,0.000001,-0.038739,-5.051188,1,,-38.74
2026-07-03 12:30:32.802403+00,961.2600,,861.3600,99.9000,0.0000,0.000001,-0.038739,-5.051188,1,,-38.74
2026-07-03 13:10:11.967948+00,961.2600,,861.3600,99.9000,0.0000,0.000001,-0.038739,-5.051188,1,,-38.74
2026-07-03 14:30:03.619788+00,961.2600,,861.3600,99.9000,0.0000,0.000001,-0.038739,-5.051188,1,,-38.74
2026-07-03 16:00:03.176783+00,961.2600,,861.3600,99.9000,0.0000,0.000001,-0.038739,-5.051188,1,,-38.74
2026-07-03 17:00:25.85074+00,961.2600,,861.3600,99.9000,0.0000,0.000001,-0.038739,-5.051188,1,,-38.74
2026-07-03 18:00:03.145219+00,961.2600,,861.3600,99.9000,0.0000,0.000001,-0.038739,-5.051188,1,,-38.74
2026-07-03 20:30:03.176192+00,961.2600,,861.3600,99.9000,0.0000,0.000001,-0.038739,-5.051188,1,,-38.74
2026-07-03 22:00:26.123258+00,961.2600,,861.3600,99.9000,0.0000,0.000001,-0.038739,-5.051188,1,,-38.74
2026-07-05 22:00:28.20618+00,961.2600,,861.3600,99.9000,0.0000,0.000001,-0.038739,-5.051188,1,,-38.74
2026-07-05 22:06:59.478178+00,961.2600,,861.3600,99.9000,0.0000,0.000001,-0.038739,-5.051188,1,,-38.74
2026-07-06 12:11:36.699244+00,961.0600,,781.4000,179.6600,-0.2000,-0.000198,-0.038938,-5.051188,2,,-38.94
2026-07-06 12:30:26.839384+00,961.0600,,781.4000,179.6600,0.0000,0.000002,-0.038938,-5.051188,2,,-38.94
2026-07-06 13:36:48.041064+00,958.0200,,781.4000,176.6100,-3.0400,-0.003043,-0.041983,-5.051188,2,,-41.98
2026-07-06 14:30:04.417208+00,958.2200,,877.1000,81.1100,0.2000,0.000197,-0.041783,-5.051188,1,,-41.78
2026-07-06 16:00:03.118974+00,962.4500,,877.1000,85.3500,4.2300,0.004232,-0.037548,-5.051188,1,,-37.55
2026-07-06 17:00:26.404847+00,960.3100,,877.1000,83.2100,-2.1400,-0.002143,-0.039693,-5.051188,1,,-39.69
2026-07-06 18:00:03.076018+00,958.4600,,877.1000,81.3600,-1.8500,-0.001853,-0.041543,-5.051188,1,,-41.54
2026-07-06 20:29:03.927949+00,958.9000,,877.1000,81.8000,0.4400,0.000442,-0.041098,-5.051188,1,,-41.10
2026-07-06 20:30:03.059152+00,958.9000,,877.1000,81.8000,0.0000,0.000002,-0.041098,-5.051188,1,,-41.10
2026-07-06 22:00:29.147923+00,958.9000,,877.1000,81.8000,0.0000,0.000002,-0.041098,-5.051188,1,,-41.10
2026-07-07 12:30:15.948336+00,958.9000,,877.1000,81.8000,0.0000,0.000002,-0.041098,-5.051188,1,,-41.10
2026-07-07 12:30:26.755558+00,956.8600,,877.1000,79.7600,-2.0400,-0.002038,-0.043138,-5.051188,1,,-43.14
2026-07-07 12:31:02.430291+00,958.9000,,877.1000,81.8000,2.0400,0.002042,-0.041098,-5.051188,1,,-41.10
2026-07-07 14:30:03.801891+00,955.8700,,955.8700,0.0000,-3.0300,-0.003026,-0.044126,-5.051188,0,,-44.13
2026-07-07 17:00:47.506997+00,955.8700,,955.8700,0.0000,0.0000,0.000004,-0.044126,-5.051188,0,,-44.13
2026-07-07 20:40:33.654208+00,955.8700,,955.8700,0.0000,0.0000,0.000004,-0.044126,-5.051188,0,,-44.13
2026-07-07 22:00:27.245285+00,955.8700,,955.8700,0.0000,0.0000,0.000004,-0.044126,-5.051188,0,,-44.13
2026-07-08 12:30:26.292548+00,955.8700,,955.8700,0.0000,0.0000,0.000004,-0.044126,-5.051188,0,,-44.13
2026-07-08 17:00:25.562861+00,955.8700,,955.8700,0.0000,0.0000,0.000004,-0.044126,-5.051188,0,,-44.13
2026-07-08 22:00:26.92957+00,955.8700,,955.8700,0.0000,0.0000,0.000004,-0.044126,-5.051188,0,,-44.13
2026-07-08 22:12:23.33542+00,955.8700,,955.8700,0.0000,0.0000,0.000004,-0.044126,-5.051188,0,,-44.13
2026-07-09 00:39:30.707694+00,955.8700,,955.8700,0.0000,0.0000,0.000004,-0.044126,-5.051188,0,,-44.13
2026-07-09 12:30:24.319664+00,955.8700,,955.8700,0.0000,0.0000,0.000004,-0.044126,-5.051188,0,,-44.13
2026-07-09 17:00:25.515739+00,955.8700,,955.8700,0.0000,0.0000,0.000004,-0.044126,-5.051188,0,,-44.13
2026-07-09 17:05:05.36887+00,955.8700,,955.8700,0.0000,0.0000,0.000004,-0.044126,-5.051188,0,,-44.13
2026-07-09 20:39:25.068122+00,955.8700,,955.8700,0.0000,0.0000,0.000004,-0.044126,-5.051188,0,,-44.13
2026-07-09 20:53:36.897447+00,955.8700,,955.8700,0.0000,0.0000,0.000004,-0.044126,-5.051188,0,,-44.13
2026-07-09 22:00:29.104271+00,955.8700,,955.8700,0.0000,0.0000,0.000004,-0.044126,-5.051188,0,,-44.13
2026-07-09 22:46:00.196178+00,955.8700,,955.8700,0.0000,0.0000,0.000004,-0.044126,-5.051188,0,,-44.13
2026-07-10 03:46:54.2581+00,955.8700,,955.8700,0.0000,0.0000,0.000004,-0.044126,-5.051188,0,,-44.13
2026-07-10 05:45:20.080933+00,955.8700,,955.8700,0.0000,0.0000,0.000004,-0.044126,-5.051188,0,,-44.13
2026-07-10 12:18:21.424928+00,955.8700,,955.8700,0.0000,0.0000,0.000004,-0.044126,-5.051188,0,,-44.13
2026-07-10 12:23:15.911795+00,955.8700,,955.8700,0.0000,0.0000,0.000004,-0.044126,-5.051188,0,,-44.13
2026-07-10 12:30:25.934352+00,955.8700,,955.8700,0.0000,0.0000,0.000004,-0.044126,-5.051188,0,,-44.13
2026-07-10 16:42:33.235174+00,955.8700,,955.8700,0.0000,0.0000,0.000004,-0.044126,-5.051188,0,,-44.13
2026-07-10 17:00:22.933768+00,955.8700,,955.8700,0.0000,0.0000,0.000004,-0.044126,-5.051188,0,,-44.13
2026-07-10 22:00:23.284543+00,955.8700,,955.8700,0.0000,0.0000,0.000004,-0.044126,-5.051188,0,,-44.13
2026-07-10 22:24:29.690206+00,955.8700,,955.8700,0.0000,0.0000,0.000004,-0.044126,-5.051188,0,,-44.13
2026-07-12 10:13:31.738155+00,955.8700,,955.8700,0.0000,0.0000,0.000004,-0.044126,-5.051188,0,,-44.13
2026-07-12 22:00:20.284905+00,955.8700,,955.8700,0.0000,0.0000,0.000004,-0.044126,-5.051188,0,,-44.13
2026-07-13 12:19:11.665932+00,955.8700,,955.8700,0.0000,0.0000,0.000004,-0.044126,-5.051188,0,,-44.13
2026-07-13 12:30:17.746975+00,955.8700,,955.8700,0.0000,0.0000,0.000004,-0.044126,-5.051188,0,,-44.13
2026-07-13 17:00:15.813347+00,955.8700,,955.8700,0.0000,0.0000,0.000004,-0.044126,-5.051188,0,,-44.13
2026-07-13 22:00:44.898225+00,955.8700,,955.8700,0.0000,0.0000,0.000004,-0.044126,-5.051188,0,,-44.13
2026-07-14 04:40:50.417622+00,955.8700,,955.8700,0.0000,0.0000,0.000004,-0.044126,-5.051188,0,,-44.13
2026-07-14 12:30:40.384009+00,955.8700,,955.8700,0.0000,0.0000,0.000004,-0.044126,-5.051188,0,,-44.13
2026-07-14 12:46:42.530038+00,955.8700,,955.8700,0.0000,0.0000,0.000004,-0.044126,-5.051188,0,,-44.13
2026-07-14 17:00:15.92633+00,955.8700,,955.8700,0.0000,0.0000,0.000004,-0.044126,-5.051188,0,,-44.13
2026-07-14 22:00:17.370647+00,955.8700,,955.8700,0.0000,0.0000,0.000004,-0.044126,-5.051188,0,,-44.13
2026-07-15 10:09:53.713562+00,955.8700,,955.8700,0.0000,0.0000,0.000004,-0.044126,-5.051188,0,,-44.13
2026-07-15 10:10:03.496343+00,955.8700,,955.8700,0.0000,0.0000,0.000004,-0.044126,-5.051188,0,,-44.13
2026-07-15 12:08:10.604828+00,955.8700,,955.8700,0.0000,0.0000,0.000004,-0.044126,-5.051188,0,,-44.13
2026-07-15 12:08:46.79856+00,955.8700,,955.8700,0.0000,0.0000,0.000004,-0.044126,-5.051188,0,,-44.13
2026-07-15 12:30:15.961963+00,955.8700,,955.8700,0.0000,0.0000,0.000004,-0.044126,-5.051188,0,,-44.13
2026-07-15 17:00:15.988484+00,955.8700,,955.8700,0.0000,0.0000,0.000004,-0.044126,-5.051188,0,,-44.13
2026-07-15 22:00:41.408559+00,955.8700,,955.8700,0.0000,0.0000,0.000004,-0.044126,-5.051188,0,,-44.13
2026-07-15 23:10:20.872975+00,955.8700,,955.8700,0.0000,0.0000,0.000004,-0.044126,-5.051188,0,,-44.13
2026-07-16 09:02:43.59712+00,955.4700,,793.1200,162.3500,-0.4000,-0.000401,-0.044531,-5.051188,1,,-44.53
2026-07-16 12:30:16.584848+00,955.4700,,793.1200,162.3500,0.0000,-0.000001,-0.044531,-5.051188,1,,-44.53
2026-07-16 14:30:03.161309+00,953.4600,,793.1200,160.3400,-2.0100,-0.002012,-0.046542,-5.051188,1,,-46.54
2026-07-16 16:00:03.089861+00,952.3700,,793.1200,159.2500,-1.0900,-0.001091,-0.047631,-5.051188,1,,-47.63
2026-07-16 17:00:15.07137+00,953.0700,,793.1200,159.9600,0.7000,0.000704,-0.046926,-5.051188,1,,-46.93
2026-07-16 18:00:03.224982+00,951.5800,,793.1200,158.4600,-1.4900,-0.001491,-0.048421,-5.051188,1,,-48.42
2026-07-16 20:30:03.042487+00,953.9800,,793.1200,160.8600,2.4000,0.002399,-0.046021,-5.051188,1,,-46.02
2026-07-16 22:00:41.431609+00,953.9800,,793.1200,160.8600,0.0000,-0.000001,-0.046021,-5.051188,1,,-46.02
2026-07-17 12:30:44.552502+00,953.9800,,793.1200,160.8600,0.0000,-0.000001,-0.046021,-5.051188,1,,-46.02
2026-07-17 13:00:28.353914+00,953.7900,,718.5300,235.2600,-0.1900,-0.000187,-0.046207,-5.051188,2,,-46.21
2026-07-17 14:30:03.280322+00,949.6000,,718.5300,231.0700,-4.1900,-0.004192,-0.050402,-5.051188,2,,-50.40
2026-07-17 16:00:03.335453+00,948.8300,,718.5300,230.2900,-0.7700,-0.000773,-0.051173,-5.051188,2,,-51.17
2026-07-17 17:00:14.890755+00,948.4300,,718.5300,229.9000,-0.4000,-0.000397,-0.051567,-5.051188,2,,-51.57
2026-07-17 18:00:03.212586+00,948.1000,,718.5300,229.5700,-0.3300,-0.000332,-0.051902,-5.051188,2,,-51.90
2026-07-17 20:30:03.384775+00,948.0500,,718.5300,229.5200,-0.0500,-0.000047,-0.051947,-5.051188,2,,-51.95
2026-07-17 22:00:40.187065+00,948.0500,,718.5300,229.5200,0.0000,0.000003,-0.051947,-5.051188,2,,-51.95
2026-07-17 22:11:53.335675+00,948.0500,,718.5300,229.5200,0.0000,0.000003,-0.051947,-5.051188,2,,-51.95
2026-07-19 22:00:27.580239+00,947.7400,,593.5000,354.2400,-0.3100,-0.000309,-0.052259,-5.051188,3,,-52.26
2026-07-20 12:30:30.363769+00,947.7400,,593.5000,354.2400,0.0000,0.000001,-0.052259,-5.051188,3,,-52.26
2026-07-20 14:22:15.256692+00,947.4000,,593.5000,353.9000,-0.3400,-0.000344,-0.052604,-5.051188,3,,-52.60
2026-07-20 14:24:23.633384+00,947.5500,,593.5000,354.0400,0.1500,0.000146,-0.052454,-5.051188,3,,-52.45
2026-07-20 14:30:04.764444+00,947.0100,,664.8800,282.1300,-0.5400,-0.000539,-0.052989,-5.051188,2,,-52.99
2026-07-20 16:00:03.603996+00,946.4400,,664.8800,281.5600,-0.5700,-0.000568,-0.053558,-5.051188,2,,-53.56
2026-07-20 17:00:26.533464+00,946.3500,,664.8800,281.4700,-0.0900,-0.000088,-0.053648,-5.051188,2,,-53.65
2026-07-20 18:00:03.607146+00,946.4100,,664.8800,281.5300,0.0600,0.000062,-0.053588,-5.051188,2,,-53.59
2026-07-20 20:30:03.716918+00,945.8900,,664.8800,281.0100,-0.5200,-0.000518,-0.054108,-5.051188,2,,-54.11
2026-07-20 22:00:32.482941+00,945.8900,,664.8800,281.0100,0.0000,0.000002,-0.054108,-5.051188,2,,-54.11
2026-07-21 12:30:27.013189+00,945.8900,,664.8800,281.0100,0.0000,0.000002,-0.054108,-5.051188,2,,-54.11
2026-07-21 14:30:03.562063+00,946.4500,,664.8800,281.5600,0.5600,0.000557,-0.053553,-5.051188,2,,-53.55
2026-07-21 16:00:03.543505+00,946.0300,,664.8800,281.1500,-0.4200,-0.000423,-0.053973,-5.051188,2,,-53.97
2026-07-21 17:00:26.768823+00,947.1800,,664.8800,282.3000,1.1500,0.001152,-0.052818,-5.051188,2,,-52.82
2026-07-21 18:00:03.610016+00,946.7400,,664.8800,281.8600,-0.4400,-0.000438,-0.053258,-5.051188,2,,-53.26
2026-07-21 20:30:03.532355+00,947.3600,,664.8800,282.4800,0.6200,0.000622,-0.052638,-5.051188,2,,-52.64
2026-07-21 22:00:34.781747+00,947.3600,,664.8800,282.4800,0.0000,0.000002,-0.052638,-5.051188,2,,-52.64
2026-07-22 12:30:26.614522+00,947.3600,,664.8800,282.4800,0.0000,0.000002,-0.052638,-5.051188,2,,-52.64
2026-07-22 14:30:03.586196+00,948.9800,,664.8800,284.1000,1.6200,0.001622,-0.051018,-5.051188,2,,-51.02
2026-07-22 16:00:03.647758+00,948.5000,,664.8800,283.6200,-0.4800,-0.000478,-0.051498,-5.051188,2,,-51.50
2026-07-22 17:00:26.52255+00,948.7100,,664.8800,283.8300,0.2100,0.000212,-0.051288,-5.051188,2,,-51.29
2026-07-22 18:00:03.502611+00,948.2800,,664.8800,283.4000,-0.4300,-0.000428,-0.051718,-5.051188,2,,-51.72
2026-07-22 20:18:53.193971+00,948.8500,,664.8800,283.9700,0.5700,0.000572,-0.051148,-5.051188,2,,-51.15
2026-07-22 20:30:03.580745+00,948.8500,,664.8800,283.9700,0.0000,0.000002,-0.051148,-5.051188,2,,-51.15
2026-07-22 22:00:32.441536+00,948.8500,,664.8800,283.9700,0.0000,0.000002,-0.051148,-5.051188,2,,-51.15
2026-07-23 12:17:43.682405+00,948.8500,,664.8800,283.9700,0.0000,0.000002,-0.051148,-5.051188,2,,-51.15
2026-07-23 12:30:26.540016+00,948.8500,,664.8800,283.9700,0.0000,0.000002,-0.051148,-5.051188,2,,-51.15
2026-07-23 14:30:03.59297+00,947.5100,,664.8800,282.6200,-1.3400,-0.001343,-0.052493,-5.051188,2,,-52.49
2026-07-23 14:38:22.934629+00,948.1800,,664.8800,283.3000,0.6700,0.000672,-0.051818,-5.051188,2,,-51.82
2026-07-23 14:39:54.072013+00,948.1300,,664.8800,283.2400,-0.0500,-0.000053,-0.051873,-5.051188,2,,-51.87
2026-07-23 16:00:03.672104+00,948.4100,,664.8800,283.5200,0.2800,0.000277,-0.051593,-5.051188,2,,-51.59
2026-07-23 17:00:27.181438+00,948.5100,,664.8800,283.6300,0.1000,0.000097,-0.051493,-5.051188,2,,-51.49
2026-07-23 18:00:03.507752+00,948.6100,,664.8800,283.7300,0.1000,0.000104,-0.051386,-5.051188,2,,-51.39
2026-07-23 19:49:37.597894+00,948.8100,,664.8800,283.9300,0.2000,0.000202,-0.051188,-5.051188,2,,-51.19
2026-07-23 19:50:23.041152+00,949.1600,,664.8800,284.2800,0.3500,0.000347,-0.050843,-5.051188,2,,-50.84
2026-07-23 20:30:03.574685+00,949.3300,,664.8800,284.4500,0.1700,0.000172,-0.050668,-5.051188,2,,-50.67
2026-07-23 20:46:21.230291+00,949.3300,,664.8800,284.4500,0.0000,0.000002,-0.050668,-5.051188,2,,-50.67
2026-07-23 20:55:19.383923+00,949.3300,,664.8800,284.4500,0.0000,0.000002,-0.050668,-5.051188,2,,-50.67
2026-07-23 20:56:02.557558+00,949.6100,,456.0000,493.6100,0.2800,0.000276,-0.050394,-5.051188,3,,-50.39
2026-07-23 22:00:33.650484+00,949.6100,,456.0000,493.6100,0.0000,-0.000004,-0.050394,-5.051188,3,,-50.39
2026-07-24 03:55:59.524045+00,949.6100,,456.0000,493.6100,0.0000,-0.000004,-0.050394,-5.051188,3,,-50.39
2026-07-24 12:30:26.767403+00,949.6100,,456.0000,493.6100,0.0000,-0.000004,-0.050394,-5.051188,3,,-50.39
2026-07-24 14:30:03.756479+00,952.3700,,456.0000,496.3700,2.7600,0.002756,-0.047634,-5.051188,3,,-47.63
2026-07-24 16:00:03.917459+00,954.8600,,456.0000,498.8700,2.4900,0.002491,-0.045139,-5.051188,3,,-45.14
2026-07-24 17:00:26.026543+00,954.8600,,456.0000,498.8700,0.0000,0.000001,-0.045139,-5.051188,3,,-45.14
2026-07-24 17:15:29.204105+00,954.8600,,456.0000,498.8700,0.0000,0.000001,-0.045139,-5.051188,3,,-45.14
2026-07-24 18:00:03.797462+00,952.9400,,456.0000,496.9400,-1.9200,-0.001924,-0.047064,-5.051188,3,,-47.06
2026-07-24 20:30:03.677462+00,953.3000,,456.0000,497.3000,0.3600,0.000356,-0.046704,-5.051188,3,,-46.70
2026-07-24 22:00:27.24402+00,953.3000,,456.0000,497.3000,0.0000,-0.000004,-0.046704,-5.051188,3,,-46.70
2026-07-24 22:30:36.391187+00,953.3000,,456.0000,497.3000,0.0000,-0.000004,-0.046704,-5.051188,3,,-46.70
2026-07-24 22:31:24.048278+00,953.3000,,456.0000,497.3000,0.0000,-0.000004,-0.046704,-5.051188,3,,-46.70
2026-07-24 23:39:53.448421+00,953.3000,,456.0000,497.3000,0.0000,-0.000004,-0.046704,-5.051188,3,,-46.70
2026-07-25 07:36:00.740047+00,953.3000,,456.0000,497.3000,0.0000,-0.000004,-0.046704,-5.051188,3,,-46.70
2026-07-25 09:51:13.713034+00,953.3000,,456.0000,497.3000,0.0000,-0.000004,-0.046704,-5.051188,3,,-46.70
2026-07-26 21:04:48.560343+00,953.3000,,456.0000,497.3000,0.0000,-0.000004,-0.046704,-5.051188,3,,-46.70
2026-07-26 22:00:28.26689+00,953.0300,,350.8900,602.1400,-0.2700,-0.000266,-0.046966,-5.051188,4,,-46.97
2026-07-27 01:30:10.747639+00,953.0300,,350.8900,602.1400,0.0000,0.000004,-0.046966,-5.051188,4,,-46.97
2026-07-27 07:37:43.247426+00,953.0300,,350.8900,602.1400,0.0000,0.000004,-0.046966,-5.051188,4,,-46.97
2026-07-27 07:38:22.040548+00,952.4300,,109.5800,842.8500,-0.6000,-0.000598,-0.047568,-5.051188,7,,-47.57
2026-07-27 12:30:37.911418+00,952.4300,,109.5800,842.8500,0.0000,0.000002,-0.047568,-5.051188,7,,-47.57
2026-07-27 12:56:59.967544+00,952.4300,,109.5800,842.8500,0.0000,0.000002,-0.047568,-5.051188,7,,-47.57
2026-07-27 14:00:16.365548+00,961.2000,,109.5800,851.6200,8.7700,0.008772,-0.038798,-5.051188,7,,-38.80
2026-07-27 14:16:51.542953+00,959.9000,,109.5800,850.3200,-1.3000,-0.001298,-0.040098,-5.051188,7,,-40.10
2026-07-27 14:21:57.056681+00,960.0200,,109.5800,850.4400,0.1200,0.000122,-0.039978,-5.051188,7,,-39.98
2026-07-27 14:30:05.340649+00,961.1200,,109.5800,851.5400,1.1000,0.001102,-0.038878,-5.051188,7,,-38.88
2026-07-27 16:00:05.141732+00,959.3300,,109.5800,849.7400,-1.7900,-0.001793,-0.040673,-5.051188,7,,-40.67
2026-07-27 17:00:33.334419+00,958.9200,,109.5800,849.3400,-0.4100,-0.000408,-0.041078,-5.051188,7,,-41.08
2026-07-27 18:00:07.050577+00,959.6500,,328.7700,630.8800,0.7300,0.000733,-0.040347,-5.051188,6,,-40.35
2026-07-27 20:21:59.575585+00,959.4800,,328.7700,630.7100,-0.1700,-0.000172,-0.040522,-5.051188,6,,-40.52
2026-07-27 20:30:05.029714+00,959.4800,,328.7700,630.7100,0.0000,-0.000002,-0.040522,-5.051188,6,,-40.52
2026-07-27 22:03:49.339147+00,959.4800,,328.7700,630.7100,0.0000,-0.000002,-0.040522,-5.051188,6,,-40.52
2026-07-27 22:12:03.99762+00,959.4800,,328.7700,630.7100,0.0000,-0.000002,-0.040522,-5.051188,6,,-40.52
2026-07-28 00:18:20.923817+00,958.9300,,109.8000,849.1300,-0.5500,-0.000548,-0.041068,-5.051188,7,,-41.07
2026-07-28 09:52:47.199692+00,958.6600,,2.4600,956.2000,-0.2700,-0.000266,-0.041336,-5.051188,8,,-41.34
2026-07-28 10:01:49.464506+00,958.6600,,2.4600,956.2000,0.0000,0.000004,-0.041336,-5.051188,8,,-41.34
2026-07-28 10:02:05.691971+00,958.6600,,2.4600,956.2000,0.0000,0.000004,-0.041336,-5.051188,8,,-41.34
2026-07-28 12:33:20.277453+00,958.6600,,2.4600,956.2000,0.0000,0.000004,-0.041336,-5.051188,8,,-41.34
2026-07-28 12:40:02.125096+00,958.6600,,2.4600,956.2000,0.0000,0.000004,-0.041336,-5.051188,8,,-41.34
2026-07-28 12:45:48.970947+00,1958.6600,,1002.4600,956.2000,0.0000,0.000002,-0.020668,-5.051188,8,,-41.34
2026-07-28 12:50:26.04022+00,1957.0900,,370.6500,1586.4400,-1.5700,-0.000786,-0.021456,-5.051188,13,,-42.91
2026-07-28 14:30:13.379816+00,1952.9000,,1150.0200,802.8800,-4.1900,-0.002095,-0.023550,-5.051188,8,,-47.10
2026-07-28 14:42:59.674151+00,1949.6700,,1150.0200,799.6500,-3.2300,-0.001616,-0.025166,-5.051188,8,,-50.33
2026-07-28 14:43:57.931931+00,1950.0500,,1150.0200,800.0300,0.3800,0.000190,-0.024975,-5.051188,8,,-49.95
2026-07-28 16:00:05.28239+00,1948.0500,,1150.0200,798.0300,-2.0000,-0.001000,-0.025975,-5.051188,8,,-51.95
2026-07-28 17:00:33.265031+00,1953.5600,,1150.0200,803.5500,5.5100,0.002755,-0.023220,-5.051188,8,,-46.44
2026-07-28 18:00:05.481135+00,1950.7400,,1150.0200,800.7200,-2.8200,-0.001412,-0.024632,-5.051188,8,,-49.26
2026-07-28 20:30:05.262053+00,1955.6600,,1150.0200,805.6400,4.9200,0.002458,-0.022172,-5.051188,8,,-44.34
2026-07-28 22:01:21.757966+00,1955.6600,,1150.0200,805.6400,0.0000,-0.000002,-0.022172,-5.051188,8,,-44.34
2026-07-28 22:11:28.259289+00,1955.6600,,1150.0200,805.6400,0.0000,-0.000002,-0.022172,-5.051188,8,,-44.34
2026-07-28 22:11:51.417256+00,1955.4300,,1060.4200,895.0100,-0.2300,-0.000114,-0.022284,-5.051188,9,,-44.57
2026-07-29 12:31:27.756594+00,1955.4300,,1060.4200,895.0100,0.0000,0.000001,-0.022284,-5.051188,9,,-44.57
2026-07-29 14:16:20.699913+00,1961.9700,,907.0000,1054.9700,6.5400,0.003272,-0.019013,-5.051188,10,,-38.03
2026-07-29 14:17:24.925474+00,1962.2800,,907.0000,1055.2800,0.3100,0.000155,-0.018860,-5.051188,10,,-37.72
2026-07-29 14:30:08.136598+00,1959.9300,,985.5300,974.4000,-2.3500,-0.001174,-0.020034,-5.051188,9,,-40.07
2026-07-29 14:36:14.035054+00,1959.0100,,985.5300,973.4900,-0.9200,-0.000459,-0.020494,-5.051188,9,,-40.99
2026-07-29 16:00:05.953395+00,1952.5000,,985.5300,966.9700,-6.5100,-0.003256,-0.023751,-5.051188,9,,-47.50
2026-07-29 17:01:43.364544+00,1953.3500,,985.5300,967.8200,0.8500,0.000424,-0.023326,-5.051188,9,,-46.65
2026-07-29 17:57:55.95699+00,1954.3300,,985.5300,968.8100,0.9800,0.000492,-0.022833,-5.051188,9,,-45.67
2026-07-29 17:58:33.557544+00,1953.5000,,919.7000,1033.8000,-0.8300,-0.000416,-0.023251,-5.051188,10,,-46.50
2026-07-29 18:00:06.224583+00,1955.8400,,919.7000,1036.1300,2.3400,0.001169,-0.022081,-5.051188,10,,-44.16
2026-07-29 20:30:05.984554+00,1943.5200,,919.7000,1023.8200,-12.3200,-0.006158,-0.028238,-5.051188,10,,-56.48
2026-07-29 22:01:41.431838+00,1943.5200,,919.7000,1023.8200,0.0000,0.000002,-0.028238,-5.051188,10,,-56.48
2026-07-29 22:07:03.532559+00,1943.5200,,919.7000,1023.8200,0.0000,0.000002,-0.028238,-5.051188,10,,-56.48
2026-07-29 22:07:36.504865+00,1943.0400,,727.3600,1215.6800,-0.4800,-0.000238,-0.028478,-5.051188,11,,-56.96
2026-07-30 12:33:26.183825+00,1943.0400,,727.3600,1215.6800,0.0000,0.000002,-0.028478,-5.051188,11,,-56.96
2026-07-30 14:30:09.7517+00,1924.8400,,305.5600,1619.2800,-18.2000,-0.009100,-0.037580,-5.051188,13,,-75.16
2026-07-30 16:00:08.709922+00,1923.3000,,523.9400,1399.3700,-1.5400,-0.000769,-0.038349,-5.051188,11,,-76.70
2026-07-30 17:00:33.283763+00,1929.4500,,523.9400,1405.5100,6.1500,0.003074,-0.035276,-5.051188,11,,-70.55
2026-07-30 18:00:06.103166+00,1928.8000,,523.9400,1404.8600,-0.6500,-0.000325,-0.035600,-5.051188,11,,-71.20
2026-07-30 19:35:01.795921+00,1935.9700,,523.9400,1412.0300,7.1700,0.003584,-0.032016,-5.051188,11,,-64.03
2026-07-30 19:53:44.674596+00,1931.4300,,447.3500,1484.0800,-4.5400,-0.002272,-0.034287,-5.051188,12,,-68.57
2026-07-30 20:30:06.794481+00,1931.5200,,447.3500,1484.1700,0.0900,0.000043,-0.034242,-5.051188,12,,-68.48
2026-07-30 22:01:49.302308+00,1931.5200,,447.3500,1484.1700,0.0000,-0.000002,-0.034242,-5.051188,12,,-68.48
2026-07-31 14:38:53.053063+00,1923.2200,,447.3500,1475.8700,-8.3000,-0.004152,-0.038392,-5.051188,12,,-76.78
2026-07-31 14:39:55.569368+00,1920.2600,,181.4600,1738.8000,-2.9600,-0.001478,-0.039868,-5.051188,14,,-79.74
2026-07-31 16:00:08.953729+00,1928.4300,,253.7600,1674.6800,8.1700,0.004086,-0.035784,-5.051188,13,,-71.57
2026-07-31 17:00:33.705897+00,1930.2900,,253.7600,1676.5300,1.8600,0.000929,-0.034856,-5.051188,13,,-69.71
2026-07-31 18:00:08.598804+00,1928.6600,,378.8000,1549.8600,-1.6300,-0.000813,-0.035668,-5.051188,12,,-71.34
2026-07-31 18:53:55.341976+00,1929.9500,,378.8000,1551.1500,1.2900,0.000646,-0.035024,-5.051188,12,,-70.05
2026-07-31 20:30:09.647398+00,1929.9300,,530.6500,1399.2800,-0.0200,-0.000008,-0.035033,-5.051188,10,,-70.07
2026-07-31 22:02:20.912428+00,1929.9300,,530.6500,1399.2800,0.0000,0.000002,-0.035033,-5.051188,10,,-70.07
2026-08-01 00:22:03.886837+00,1929.9300,,530.6500,1399.2800,0.0000,0.000002,-0.035033,-5.051188,10,,-70.07
2026-08-01 00:23:02.587856+00,1929.4000,,318.4400,1610.9600,-0.5300,-0.000263,-0.035298,-5.051188,11,,-70.60
2026-08-02 22:02:18.038248+00,1929.4000,,318.4400,1610.9600,0.0000,0.000002,-0.035298,-5.051188,11,,-70.60
2026-08-02 22:55:53.510184+00,1929.4000,,318.4400,1610.9600,0.0000,0.000002,-0.035298,-5.051188,11,,-70.60
2026-08-03 03:22:49.509242+00,1929.1200,,204.9500,1724.1700,-0.2800,-0.000139,-0.035439,-5.051188,13,,-70.88
2026-08-03 12:31:31.914063+00,1929.1200,,204.9500,1724.1700,0.0000,0.000001,-0.035439,-5.051188,13,,-70.88
2026-08-03 14:30:07.445+00,1932.1200,,204.9500,1727.1700,3.0000,0.001498,-0.033942,-5.051188,13,,-67.88
2026-08-03 16:00:06.746548+00,1931.0400,,204.9500,1726.0800,-1.0800,-0.000542,-0.034482,-5.051188,13,,-68.96
2026-08-03 17:00:31.996908+00,1926.6500,,204.9500,1721.7000,-4.3900,-0.002194,-0.036674,-5.051188,13,,-73.35
2026-08-03 17:43:11.004103+00,1927.9300,,204.9500,1722.9800,1.2800,0.000641,-0.036034,-5.051188,13,,-72.07
2026-08-03 17:45:41.236498+00,1927.4500,,347.9300,1579.5200,-0.4800,-0.000239,-0.036274,-5.051188,12,,-72.55
2026-08-03 18:00:06.59508+00,1928.3000,,347.9300,1580.3700,0.8500,0.000424,-0.035851,-5.051188,12,,-71.70
2026-08-03 20:30:07.022429+00,1928.9800,,347.9300,1581.0500,0.6800,0.000341,-0.035509,-5.051188,12,,-71.02
2026-08-03 22:00:43.254935+00,1928.9800,,347.9300,1581.0500,0.0000,0.000001,-0.035509,-5.051188,12,,-71.02
2026-08-04 12:30:46.58521+00,1928.9800,,347.9300,1581.0500,0.0000,0.000001,-0.035509,-5.051188,12,,-71.02
2026-08-04 13:06:40.893531+00,1928.9800,,347.9300,1581.0500,0.0000,0.000001,-0.035509,-5.051188,12,,-71.02
2026-08-04 13:07:28.501865+00,1928.9800,,347.9300,1581.0500,0.0000,0.000001,-0.035509,-5.051188,12,,-71.02
2026-08-04 13:31:00.865674+00,1917.0500,,347.9300,1569.1200,-11.9300,-0.005966,-0.041476,-5.051188,12,,-82.95
2026-08-04 13:31:53.447674+00,1925.5700,,347.9300,1577.6400,8.5200,0.004259,-0.037216,-5.051188,12,,-74.43
2026-08-04 14:30:09.551063+00,1915.8800,,688.4300,1227.4500,-9.6900,-0.004846,-0.042061,-5.051188,10,,-84.12
2026-08-04 16:00:05.758075+00,1923.6100,,688.4300,1235.1800,7.7300,0.003867,-0.038193,-5.051188,10,,-76.39
2026-08-04 17:00:37.505039+00,1931.4600,,688.4300,1243.0300,7.8500,0.003925,-0.034270,-5.051188,10,,-68.54
2026-08-04 18:00:05.686343+00,1932.1200,,688.4300,1243.6900,0.6600,0.000332,-0.033938,-5.051188,10,,-67.88
2026-08-04 20:30:05.6429+00,1926.9300,,688.4300,1238.5000,-5.1900,-0.002595,-0.036535,-5.051188,10,,-73.07
2026-08-04 21:54:50.377072+00,1926.9300,,688.4300,1238.5000,0.0000,0.000000,-0.036535,-5.051188,10,,-73.07
2026-08-04 21:56:01.934288+00,1926.9300,,688.4300,1238.5000,0.0000,0.000000,-0.036535,-5.051188,10,,-73.07
2026-08-04 22:00:52.080608+00,1926.5900,,552.1300,1374.4600,-0.3400,-0.000170,-0.036705,-5.051188,11,,-73.41
2026-08-05 12:31:59.75085+00,1926.5900,,552.1300,1374.4600,0.0000,0.000000,-0.036705,-5.051188,11,,-73.41
2026-08-05 14:30:07.687004+00,1921.6500,,332.6700,1588.9800,-4.9400,-0.002471,-0.039176,-5.051188,12,,-78.35
2026-08-05 16:00:07.387343+00,1911.9900,,533.7300,1378.2600,-9.6600,-0.004829,-0.044004,-5.051188,11,,-88.01
2026-08-05 17:00:33.609881+00,1916.0700,,533.7300,1382.3500,4.0800,0.002041,-0.041964,-5.051188,11,,-83.93
2026-08-05 18:00:08.351976+00,1918.8500,,588.0400,1330.8100,2.7800,0.001392,-0.040573,-5.051188,10,,-81.15
2026-08-05 20:00:38.631333+00,1915.8500,,588.0400,1327.8000,-3.0000,-0.001502,-0.042077,-5.051188,10,,-84.15
2026-08-05 20:01:20.283627+00,1915.8500,,588.0400,1327.8000,0.0000,-0.000002,-0.042077,-5.051188,10,,-84.15
2026-08-05 20:06:47.568283+00,1915.8500,,588.0400,1327.8000,0.0000,-0.000002,-0.042077,-5.051188,10,,-84.15
2026-08-05 20:30:06.234543+00,1915.8400,,588.0400,1327.8000,-0.0100,-0.000005,-0.042080,-5.051188,10,,-84.16
2026-08-05 22:01:14.738609+00,1915.8400,,588.0400,1327.8000,0.0000,0.000000,-0.042080,-5.051188,10,,-84.16
2026-08-06 12:32:01.797167+00,1915.8400,,588.0400,1327.8000,0.0000,0.000000,-0.042080,-5.051188,10,,-84.16
2026-08-06 12:39:51.742806+00,1915.8400,,588.0400,1327.8000,0.0000,0.000000,-0.042080,-5.051188,10,,-84.16
2026-08-06 14:30:06.877184+00,1914.8500,,433.1600,1481.6800,-0.9900,-0.000496,-0.042576,-5.051188,12,,-85.15
2026-08-06 16:00:06.884377+00,1906.2500,,433.1600,1473.0800,-8.6000,-0.004301,-0.046876,-5.051188,12,,-93.75
2026-08-06 17:00:33.727479+00,1908.8400,,433.1600,1475.6800,2.5900,0.001294,-0.045581,-5.051188,12,,-91.16
2026-08-06 18:00:06.686755+00,1905.8500,,433.1600,1472.6900,-2.9900,-0.001495,-0.047075,-5.051188,12,,-94.15
2026-08-06 19:26:49.1063+00,1905.3500,,433.1600,1472.1800,-0.5000,-0.000252,-0.047327,-5.051188,12,,-94.65
2026-08-06 19:31:06.946219+00,1900.4000,,433.1600,1467.2400,-4.9500,-0.002476,-0.049801,-5.051188,12,,-99.60
2026-08-06 20:23:58.76479+00,1904.5000,,433.1600,1471.3400,4.1000,0.002052,-0.047748,-5.051188,12,,-95.50
2026-08-06 20:30:06.772065+00,1904.5000,,433.1600,1471.3400,0.0000,0.000002,-0.047748,-5.051188,12,,-95.50
2026-08-06 21:08:12.25016+00,1904.5000,,433.1600,1471.3400,0.0000,0.000002,-0.047748,-5.051188,12,,-95.50
2026-08-06 22:01:08.993907+00,1904.5000,,433.1600,1471.3400,0.0000,0.000002,-0.047748,-5.051188,12,,-95.50
2026-08-07 12:31:49.670401+00,1904.5000,,433.1600,1471.3400,0.0000,0.000002,-0.047748,-5.051188,12,,-95.50
2026-08-07 14:30:07.355367+00,1906.5700,,376.6600,1529.9100,2.0700,0.001036,-0.046714,-5.051188,13,,-93.43
2026-08-07 16:00:07.437176+00,1909.0000,,376.6600,1532.3400,2.4300,0.001214,-0.045501,-5.051188,13,,-91.00
2026-08-07 17:00:34.073744+00,1913.0800,,376.6600,1536.4200,4.0800,0.002039,-0.043461,-5.051188,13,,-86.92
2026-08-07 17:32:37.198721+00,1914.7600,,376.6600,1538.1000,1.6800,0.000841,-0.042619,-5.051188,13,,-85.24
2026-08-07 17:33:54.790703+00,1914.8300,,324.1000,1590.7300,0.0700,0.000036,-0.042584,-5.051188,14,,-85.17
2026-08-07 18:00:07.130097+00,1914.4100,,324.1000,1590.3000,-0.4200,-0.000212,-0.042797,-5.051188,14,,-85.59
2026-08-07 20:30:07.065268+00,1917.3900,,324.1000,1593.2900,2.9800,0.001491,-0.041304,-5.051188,14,,-82.61
2026-08-07 22:00:35.648798+00,1917.3900,,324.1000,1593.2900,0.0000,0.000001,-0.041304,-5.051188,14,,-82.61
2026-08-08 05:00:50.0091+00,1917.3900,,324.1000,1593.2900,0.0000,0.000001,-0.041304,-5.051188,14,,-82.61
2026-08-08 07:32:40.758637+00,1917.2200,,254.0900,1663.1300,-0.1700,-0.000086,-0.041391,-5.051188,15,,-82.78
2026-08-08 10:27:07.852004+00,1917.2200,,254.0900,1663.1300,0.0000,-0.000001,-0.041391,-5.051188,15,,-82.78
2026-08-08 10:27:11.676273+00,1917.2200,,254.0900,1663.1300,0.0000,-0.000001,-0.041391,-5.051188,15,,-82.78
2026-08-09 22:00:34.610424+00,1917.2200,,254.0900,1663.1300,0.0000,-0.000001,-0.041391,-5.051188,15,,-82.78
2026-08-10 12:30:37.16753+00,1917.2200,,254.0900,1663.1300,0.0000,-0.000001,-0.041391,-5.051188,15,,-82.78
2026-08-10 14:30:08.043371+00,1921.4400,,254.0900,1667.3500,4.2200,0.002110,-0.039280,-5.051188,15,,-78.56
2026-08-10 16:00:08.01246+00,1923.1000,,254.0900,1669.0100,1.6600,0.000830,-0.038450,-5.051188,15,,-76.90
2026-08-10 17:00:34.780304+00,1922.2100,,254.0900,1668.1200,-0.8900,-0.000444,-0.038894,-5.051188,15,,-77.79
2026-08-10 18:00:09.230604+00,1919.4500,,343.3900,1576.0600,-2.7600,-0.001381,-0.040276,-5.051188,14,,-80.55
2026-08-10 20:30:09.171938+00,1917.1600,,411.3800,1505.7800,-2.2900,-0.001144,-0.041419,-5.051188,13,,-82.84
2026-08-10 22:01:49.618234+00,1917.1600,,411.3800,1505.7800,0.0000,0.000001,-0.041419,-5.051188,13,,-82.84
2026-08-10 22:47:11.76805+00,1917.1600,,411.3800,1505.7800,0.0000,0.000001,-0.041419,-5.051188,13,,-82.84
2026-08-10 22:48:28.172661+00,1916.7800,,258.9800,1657.8000,-0.3800,-0.000189,-0.041609,-5.051188,14,,-83.22
2026-08-11 12:32:51.924024+00,1916.7800,,258.9800,1657.8000,0.0000,0.000001,-0.041609,-5.051188,14,,-83.22
2026-08-11 14:30:08.72377+00,1915.7400,,40.0000,1875.7500,-1.0400,-0.000518,-0.042128,-5.051188,16,,-84.26
2026-08-11 16:00:11.28581+00,1911.2100,,399.8300,1511.3700,-4.5300,-0.002265,-0.044395,-5.051188,14,,-88.79
2026-08-11 17:00:35.549546+00,1909.2500,,399.8300,1509.4200,-1.9600,-0.000978,-0.045373,-5.051188,14,,-90.75
2026-08-11 18:00:07.745771+00,1907.7200,,399.8300,1507.8800,-1.5300,-0.000766,-0.046141,-5.051188,14,,-92.28
2026-08-11 18:40:37.809542+00,1908.8800,,399.8300,1509.0400,1.1600,0.000578,-0.045562,-5.051188,14,,-91.12
2026-08-11 20:30:07.846201+00,1909.8600,,399.8300,1510.0300,0.9800,0.000492,-0.045068,-5.051188,14,,-90.14
2026-08-11 22:00:37.256577+00,1909.8600,,399.8300,1510.0300,0.0000,0.000002,-0.045068,-5.051188,14,,-90.14
2026-08-12 12:31:11.575412+00,1909.8600,,399.8300,1510.0300,0.0000,0.000002,-0.045068,-5.051188,14,,-90.14
2026-08-12 12:36:17.69132+00,1909.3000,,174.9100,1734.3900,-0.5600,-0.000278,-0.045348,-5.051188,15,,-90.70
2026-08-12 14:30:09.891031+00,1903.3300,,458.9100,1444.4200,-5.9700,-0.002984,-0.048334,-5.051188,13,,-96.67
2026-08-12 16:00:07.349817+00,1905.9700,,458.9100,1447.0500,2.6400,0.001318,-0.047017,-5.051188,13,,-94.03
2026-08-12 17:00:32.19523+00,1907.6300,,458.9100,1448.7200,1.6600,0.000831,-0.046184,-5.051188,13,,-92.37
2026-08-12 18:00:06.825342+00,1910.3900,,458.9100,1451.4700,2.7600,0.001379,-0.044806,-5.051188,13,,-89.61
2026-08-12 20:30:08.017931+00,1914.7800,,458.7700,1456.0100,4.3900,0.002193,-0.042612,-5.051188,13,,-85.22
2026-08-12 22:00:39.081288+00,1914.7800,,458.7700,1456.0100,0.0000,-0.000002,-0.042612,-5.051188,13,,-85.22
2026-08-13 12:31:12.022746+00,1914.7800,,458.7700,1456.0100,0.0000,-0.000002,-0.042612,-5.051188,13,,-85.22
2026-08-13 12:37:01.81788+00,1914.7800,,458.7700,1456.0100,0.0000,-0.000002,-0.042612,-5.051188,13,,-85.22
2026-08-13 14:30:10.524661+00,1923.5500,,435.0000,1488.5500,8.7700,0.004386,-0.038224,-5.051188,13,,-76.45
2026-08-13 16:00:10.01587+00,1911.2600,,616.6100,1294.6600,-12.2900,-0.006144,-0.044369,-5.051188,11,,-88.74
2026-08-13 17:01:07.005968+00,1912.2100,,616.6100,1295.6000,0.9500,0.000473,-0.043897,-5.051188,11,,-87.79
2026-08-13 18:00:07.300907+00,1911.8300,,683.5200,1228.3100,-0.3800,-0.000190,-0.044085,-5.051188,10,,-88.17
2026-08-13 19:42:21.187513+00,1914.6000,,683.5200,1231.0800,2.7700,0.001387,-0.042698,-5.051188,10,,-85.40
2026-08-13 19:42:57.388231+00,1913.5700,,622.9200,1290.6500,-1.0300,-0.000516,-0.043216,-5.051188,11,,-86.43
2026-08-13 20:30:08.911062+00,1915.8500,,685.3600,1230.4900,2.2800,0.001141,-0.042074,-5.051188,10,,-84.15
2026-08-13 22:01:11.068558+00,1915.8500,,685.3600,1230.4900,0.0000,0.000001,-0.042074,-5.051188,10,,-84.15
2026-08-13 23:00:18.562044+00,1915.8500,,685.3600,1230.4900,0.0000,0.000001,-0.042074,-5.051188,10,,-84.15
2026-08-14 11:03:18.307825+00,1897.7000,,622.6100,1275.0900,-18.1600,-0.009078,-0.051153,-5.051188,11,,-102.31
2026-08-14 11:08:37.735995+00,1897.7000,,622.6100,1275.0900,0.0000,0.000002,-0.051153,-5.051188,11,,-102.31
2026-08-14 11:09:03.753934+00,1897.7000,,622.6100,1275.0900,0.0000,0.000002,-0.051153,-5.051188,11,,-102.31
2026-08-17 22:44:40.594777+00,1916.4400,,622.6100,1293.8300,18.7500,0.009373,-0.041782,-5.051188,11,,-83.56
2026-08-17 23:00:57.421852+00,1916.4400,,622.6100,1293.8300,0.0000,-0.000002,-0.041782,-5.051188,11,,-83.56
2026-08-17 23:04:19.467211+00,1894.8600,,622.6100,1272.2500,-21.5800,-0.010792,-0.052572,-5.051188,11,,-105.14
